id:ID,name,fda_approved,nmpa_approved,:LABEL
Genesymbol:MET,MET,,,Genesymbol
Cancer:低级别神经胶质瘤,low-grade glioma,,,Cancer
Cancer:肾透明细胞癌,renal clear cell carcinoma,,,Cancer
Cancer:乳头状肾细胞癌,papillary renal cell carcinoma,,,Cancer
Drug:多柔比星,doxorubicin,YES,YES,Drug
Genesymbol:TERT,TERT,,,Genesymbol
Drug:己烯雌酚,diethylstilbestrol,YES,YES,Drug
Cancer:乳腺癌,breast cancer,,,Cancer
Cancer:前列腺癌,prostate cancer,,,Cancer
Drug:泊马度胺,pomalidomide,YES,YES,Drug
Cancer:骨髓瘤,myeloid cancer,,,Cancer
Cancer:Kaposis肉瘤,kaposis sarcoma,,,Cancer
Drug:可待因,codeine,YES,YES,Drug
Genesymbol:OPRD1,OPRD1,,,Genesymbol
Genesymbol:OPRK1,OPRK1,,,Genesymbol
Genesymbol:OPRM1,OPRM1,,,Genesymbol
Drug:E7766,e7766,NO,NO,Drug
Genesymbol:TMEM173,TMEM173,,,Genesymbol
DrugAlias:lonsurf,lonsurf,,,DrugAlias
Drug:曲氟尿苷替匹嘧啶,trifluridine and tipiracil,YES,YES,Drug
CancerAlias:结直肠癌,colorectal cancer,,,CancerAlias
Cancer:食管胃结合部腺癌,adenocarcinoma of the gastroesophageal junction,,,Cancer
Drug:卡培他滨,capecitabine,YES,YES,Drug
Cancer:结肠癌,colon cancer,,,Cancer
Drug:伊立替康,irinotecan,YES,YES,Drug
Drug:E7449,E7449,NO,NO,Drug
Genesymbol:TNKS,TNKS,,,Genesymbol
Drug:G007-LK,G007-LK,NO,NO,Drug
Drug:NVP-TNKS656,nvp-tnks656,NO,NO,Drug
Drug:IWR-1,iwr-1,NO,NO,Drug
Drug:AZ1366,az1366,NO,NO,Drug
Drug:G-631,G-631,NO,NO,Drug
Drug:XAV-939,XAV-939,NO,NO,Drug
Drug:JW55,JW55,NO,NO,Drug
Drug:K-756,K-756,NO,NO,Drug
Drug:G244-LM,G244-LM,NO,NO,Drug
Drug:达沙替尼,dasatinib,YES,YES,Drug
Genesymbol:DDR2,DDR2,,,Genesymbol
Drug:尼洛替尼,nilotinib,YES,YES,Drug
Drug:belvarafenib,belvarafenib,NO,NO,Drug
Drug:merestinib,merestinib,NO,NO,Drug
Drug:lucitanib,lucitanib,NO,NO,Drug
Drug:sitravatinib,sitravatinib,NO,NO,Drug
Drug:bafetinib,bafetinib,NO,NO,Drug
Drug:g207,g207,NA,NA,Drug
Genesymbol:MGMT,MGMT,,,Genesymbol
Drug:disulfiram,disulfiram,YES,NO,Drug
Drug:abexinostat,abexinostat,NA,NA,Drug
Genesymbol:HDAC4,HDAC4,,,Genesymbol
Drug:CUDC-101,CUDC-101,NO,NO,Drug
Drug:panobinostat,panobinostat,NA,NA,Drug
Drug:belinostat,belinostat,YES,NO,Drug
Drug:A-1155463,A-1155463,NO,NO,Drug
Genesymbol:BCL2L1,BCL2L1,,,Genesymbol
Drug:(-)BI97D6,(-)BI97D6,NO,NO,Drug
Drug:A-1331852,A-1331852,NO,NO,Drug
Drug:ABT-737,ABT-737,NO,NO,Drug
Drug:APG-1252,APG-1252,NO,NO,Drug
Drug:AT-101,AT-101,NO,NO,Drug
Drug:AZD0466,AZD0466,NO,NO,Drug
Drug:BM-1197,BM-1197,NO,NO,Drug
Drug:DT2216,DT2216,NO,NO,Drug
Drug:obatoclax,obatoclax,NO,NO,Drug
Drug:glembatumumab vedotin,glembatumumab vedotin,NA,NA,Drug
Genesymbol:GPNMB,GPNMB,,,Genesymbol
Drug:AMG 910,AMG 910,NA,NA,Drug
Genesymbol:CD3E,CD3E,,,Genesymbol
Drug:emirodatamab,emirodatamab,NA,NA,Drug
Drug:pavurutamab,pavurutamab,NA,NA,Drug
Drug:pasotuxizumab,pasotuxizumab,NA,NA,Drug
Drug:M701,M701,NO,NO,Drug
DrugAlias:nivatrotamab,nivatrotamab,,,DrugAlias
Drug:eluvixtamab,eluvixtamab,NA,NA,Drug
Drug:AMG 757,AMG 757,NO,NO,Drug
Drug:AMG160,AMG160,NO,NO,Drug
Drug:AMG 199,AMG 199,NA,NA,Drug
Cancer:星形细胞瘤,astrocytoma cancer,,,Cancer
CancerCell:EGFR-p.L861R;EGFR-p.G719A-星形细胞瘤,EGFR-p.L861R;EGFR-p.G719A-星形细胞瘤,,,CancerCell
SnvFull:EGFR-p.G719A,EGFR-p.G719A,,,SnvFull
SnvFull:EGFR-p.L861R,EGFR-p.L861R,,,SnvFull
CancerCell:ERBB2-Amp;ERBB2-p.E401G-星形细胞瘤,ERBB2-Amp;ERBB2-p.E401G-星形细胞瘤,,,CancerCell
SnvFull:ERBB2-p.E401G,ERBB2-p.E401G,,,SnvFull
CancerCell:ALK-p.L1196M;.-ALK-星形细胞瘤,ALK-p.L1196M;.-ALK-星形细胞瘤,,,CancerCell
SnvFull:ALK-p.L1196M,ALK-p.L1196M,,,SnvFull
CancerCell:MET-skipping_mut;MET-p.L1195V-星形细胞瘤,MET-skipping_mut;MET-p.L1195V-星形细胞瘤,,,CancerCell
SnvFull:MET-p.L1195V,MET-p.L1195V,,,SnvFull
CancerCell:CSF1R-p.Y546_K551del-星形细胞瘤,CSF1R-p.Y546_K551del-星形细胞瘤,,,CancerCell
SnvFull:CSF1R-p.Y546_K551del,CSF1R-p.Y546_K551del,,,SnvFull
CancerCell:MET-skipping_mut;MET-p.D1228N-星形细胞瘤,MET-skipping_mut;MET-p.D1228N-星形细胞瘤,,,CancerCell
SnvFull:MET-p.D1228N,MET-p.D1228N,,,SnvFull
CancerCell:CSF1R-p.W450_E456del-星形细胞瘤,CSF1R-p.W450_E456del-星形细胞瘤,,,CancerCell
SnvFull:CSF1R-p.W450_E456del,CSF1R-p.W450_E456del,,,SnvFull
CancerCell:JAK2-p.V617F-星形细胞瘤,JAK2-p.V617F-星形细胞瘤,,,CancerCell
SnvFull:JAK2-p.V617F,JAK2-p.V617F,,,SnvFull
CancerCell:ALK-p.L1198F;.-ALK-星形细胞瘤,ALK-p.L1198F;.-ALK-星形细胞瘤,,,CancerCell
SnvFull:ALK-p.L1198F,ALK-p.L1198F,,,SnvFull
Cancer:宫颈内腺癌,endocervical adenocarcinoma,,,Cancer
CancerCell:EGFR-p.L861R;EGFR-p.G719A-宫颈内腺癌,EGFR-p.L861R;EGFR-p.G719A-宫颈内腺癌,,,CancerCell
CancerCell:ERBB2-Amp;ERBB2-p.E401G-宫颈内腺癌,ERBB2-Amp;ERBB2-p.E401G-宫颈内腺癌,,,CancerCell
CancerCell:ALK-p.L1196M;.-ALK-宫颈内腺癌,ALK-p.L1196M;.-ALK-宫颈内腺癌,,,CancerCell
CancerCell:MET-skipping_mut;MET-p.L1195V-宫颈内腺癌,MET-skipping_mut;MET-p.L1195V-宫颈内腺癌,,,CancerCell
CancerCell:CSF1R-p.Y546_K551del-宫颈内腺癌,CSF1R-p.Y546_K551del-宫颈内腺癌,,,CancerCell
CancerCell:MET-skipping_mut;MET-p.D1228N-宫颈内腺癌,MET-skipping_mut;MET-p.D1228N-宫颈内腺癌,,,CancerCell
CancerCell:CSF1R-p.W450_E456del-宫颈内腺癌,CSF1R-p.W450_E456del-宫颈内腺癌,,,CancerCell
CancerCell:JAK2-p.V617F-宫颈内腺癌,JAK2-p.V617F-宫颈内腺癌,,,CancerCell
CancerCell:ALK-p.L1198F;.-ALK-宫颈内腺癌,ALK-p.L1198F;.-ALK-宫颈内腺癌,,,CancerCell
Cancer:腺样囊性癌,adenoid cystic carcinoma,,,Cancer
CancerCell:ERBB2-Amp;ERBB2-p.E401G-腺样囊性癌,ERBB2-Amp;ERBB2-p.E401G-腺样囊性癌,,,CancerCell
CancerCell:ALK-p.L1196M;.-ALK-腺样囊性癌,ALK-p.L1196M;.-ALK-腺样囊性癌,,,CancerCell
CancerCell:MET-skipping_mut;MET-p.L1195V-腺样囊性癌,MET-skipping_mut;MET-p.L1195V-腺样囊性癌,,,CancerCell
CancerCell:CSF1R-p.Y546_K551del-腺样囊性癌,CSF1R-p.Y546_K551del-腺样囊性癌,,,CancerCell
CancerCell:MET-skipping_mut;MET-p.D1228N-腺样囊性癌,MET-skipping_mut;MET-p.D1228N-腺样囊性癌,,,CancerCell
CancerCell:CSF1R-p.W450_E456del-腺样囊性癌,CSF1R-p.W450_E456del-腺样囊性癌,,,CancerCell
CancerCell:JAK2-p.V617F-腺样囊性癌,JAK2-p.V617F-腺样囊性癌,,,CancerCell
CancerCell:ALK-p.L1198F;.-ALK-腺样囊性癌,ALK-p.L1198F;.-ALK-腺样囊性癌,,,CancerCell
CancerCell:FLT3-p.D835Y-腺样囊性癌,FLT3-p.D835Y-腺样囊性癌,,,CancerCell
SnvFull:FLT3-p.D835Y,FLT3-p.D835Y,,,SnvFull
CancerCell:ALK-p.G1202R;.-ALK-腺样囊性癌,ALK-p.G1202R;.-ALK-腺样囊性癌,,,CancerCell
SnvFull:ALK-p.G1202R,ALK-p.G1202R,,,SnvFull
SnvFull:PTEN-p.R173C,PTEN-p.R173C,,,SnvFull
CancerCell:PTEN-p.R173C;BRAF-p.V600E-结直肠癌,PTEN-p.R173C;BRAF-p.V600E-结直肠癌,,,CancerCell
CancerCell:PTEN-p.R173C;BRAF-p.V600E-肠癌,PTEN-p.R173C;BRAF-p.V600E-肠癌,,,CancerCell
CancerAlias:肠癌,bowel cancer,,,CancerAlias
CancerCell:PTEN-p.R173C;BRAF-p.V600E-结直肠腺癌,PTEN-p.R173C;BRAF-p.V600E-结直肠腺癌,,,CancerCell
Cancer:结直肠腺癌,colorectal adenocarcinoma,,,Cancer
CancerCell:PTEN-p.R173C;BRAF-p.V600E-直肠癌,PTEN-p.R173C;BRAF-p.V600E-直肠癌,,,CancerCell
Cancer:直肠癌,rectal cancer,,,Cancer
CancerCell:PTEN-p.R173C;BRAF-p.V600E-结直肠黏液腺癌,PTEN-p.R173C;BRAF-p.V600E-结直肠黏液腺癌,,,CancerCell
Cancer:结直肠黏液腺癌,mucinous adenocarcinoma of the colon and rectum,,,Cancer
CancerCell:PTEN-p.R173C;BRAF-p.V600E-结直肠印戒细胞癌,PTEN-p.R173C;BRAF-p.V600E-结直肠印戒细胞癌,,,CancerCell
Cancer:结直肠印戒细胞癌,signet ring cell adenocarcinoma of the colon and rectum,,,Cancer
CancerCell:PTEN-p.R173C;BRAF-p.V600E-原位结肠腺癌,PTEN-p.R173C;BRAF-p.V600E-原位结肠腺癌,,,CancerCell
Cancer:原位结肠腺癌,colon adenocarcinoma in situ,,,Cancer
CancerCell:PTEN-p.R173C;BRAF-p.V600E-直肠腺癌,PTEN-p.R173C;BRAF-p.V600E-直肠腺癌,,,CancerCell
Cancer:直肠腺癌,rectal adenocarcinoma,,,Cancer
CancerCell:PTEN-p.R173C;BRAF-p.V600E-结肠腺癌,PTEN-p.R173C;BRAF-p.V600E-结肠腺癌,,,CancerCell
Cancer:结肠腺癌,colon adenocarcinoma,,,Cancer
CancerCell:PTEN-p.R173C;BRAF-p.V600E-盲肠癌,PTEN-p.R173C;BRAF-p.V600E-盲肠癌,,,CancerCell
Cancer:盲肠癌,cecum cancer,,,Cancer
SnvFull:BRAF-p.T599K,BRAF-p.T599K,,,SnvFull
CancerCell:BRAF-p.T599K-乳腺癌,BRAF-p.T599K-乳腺癌,,,CancerCell
CancerCell:BRAF-p.T599K;ERBB2-High_exp-乳腺癌(HER2阳性),BRAF-p.T599K;ERBB2-High_exp-乳腺癌(HER2阳性),,,CancerCell
Cancer:乳腺癌(HER2阳性),breast cancer(her2 positive),,,Cancer
CancerCell:BRAF-p.T599K;ESR1-High_exp;ERBB2-High_exp-乳腺癌(HR阳性，HER2阳性),BRAF-p.T599K;ESR1-High_exp;ERBB2-High_exp-乳腺癌(HR阳性，HER2阳性),,,CancerCell
Cancer:乳腺癌(HR阳性，HER2阳性),乳腺癌(HR阳性，HER2阳性) cancer,,,Cancer
CancerCell:PGR-High_exp;BRAF-p.T599K;ESR1-High_exp;ERBB2-High_exp-乳腺癌(HR阳性，HER2阳性),PGR-High_exp;BRAF-p.T599K;ESR1-High_exp;ERBB2-High_exp-乳腺癌(HR阳性，HER2阳性),,,CancerCell
CancerCell:PGR-High_exp;BRAF-p.T599K;ERBB2-High_exp-乳腺癌(HR阳性，HER2阳性),PGR-High_exp;BRAF-p.T599K;ERBB2-High_exp-乳腺癌(HR阳性，HER2阳性),,,CancerCell
CancerCell:BRAF-p.T599K-乳腺导管/小叶混合型癌,BRAF-p.T599K-乳腺导管/小叶混合型癌,,,CancerCell
Cancer:乳腺导管/小叶混合型癌,breast mixed ductal and lobular carcinoma,,,Cancer
CancerCell:BRAF-p.T599K-乳腺实性乳头状癌,BRAF-p.T599K-乳腺实性乳头状癌,,,CancerCell
Cancer:乳腺实性乳头状癌,solid papillary carcinoma of the breast,,,Cancer
CancerCell:BRAF-p.T599K-青少年乳腺分泌性癌,BRAF-p.T599K-青少年乳腺分泌性癌,,,CancerCell
Cancer:青少年乳腺分泌性癌,juvenile secretory carcinoma of the breast,,,Cancer
CancerCell:BRAF-p.T599K-乳腺腺样囊性癌,BRAF-p.T599K-乳腺腺样囊性癌,,,CancerCell
Cancer:乳腺腺样囊性癌,adenoid cystic breast cancer,,,Cancer
CancerCell:BRAF-p.T599K-乳腺交界性叶状肿瘤,BRAF-p.T599K-乳腺交界性叶状肿瘤,,,CancerCell
Cancer:乳腺交界性叶状肿瘤,borderline phyllodes tumor of the breast,,,Cancer
SnvFull:VHL-p.T133N,VHL-p.T133N,,,SnvFull
CancerCell:VHL-p.T133N-延胡索酸水合酶(FH)缺陷型肾细胞癌,VHL-p.T133N-延胡索酸水合酶(FH)缺陷型肾细胞癌,,,CancerCell
Cancer:延胡索酸水合酶(FH)缺陷型肾细胞癌,fh-deficient renal cell carcinoma,,,Cancer
CancerCell:VHL-p.T133N-肾细胞癌,VHL-p.T133N-肾细胞癌,,,CancerCell
Cancer:肾细胞癌,renal cell carcinoma,,,Cancer
CancerCell:VHL-p.T133N-肾癌,VHL-p.T133N-肾癌,,,CancerCell
Cancer:肾癌,kidney cancer,,,Cancer
CancerCell:VHL-p.T133N-肾嫌色细胞癌,VHL-p.T133N-肾嫌色细胞癌,,,CancerCell
Cancer:肾嫌色细胞癌,chromophobe renal cell carcinoma,,,Cancer
CancerCell:VHL-p.T133N-肾嗜酸细胞瘤,VHL-p.T133N-肾嗜酸细胞瘤,,,CancerCell
Cancer:肾嗜酸细胞瘤,renal oncocytoma cancer,,,Cancer
Genesymbol:FH,FH,,,Genesymbol
CancerCell:VHL-p.T133N-肉瘤样特征的肾透明细胞癌,VHL-p.T133N-肉瘤样特征的肾透明细胞癌,,,CancerCell
Cancer:肉瘤样特征的肾透明细胞癌,renal clear cell carcinoma with sarcomatoid features,,,Cancer
CancerCell:VHL-p.T133N-肉瘤样肾细胞癌,VHL-p.T133N-肉瘤样肾细胞癌,,,CancerCell
Cancer:肉瘤样肾细胞癌,sarcomatoid renal cell carcinoma,,,Cancer
CancerCell:VHL-p.T133N-肾小细胞癌,VHL-p.T133N-肾小细胞癌,,,CancerCell
Cancer:肾小细胞癌,renal small cell carcinoma,,,Cancer
CancerCell:VHL-p.T133N-透明细胞乳头状肾细胞癌,VHL-p.T133N-透明细胞乳头状肾细胞癌,,,CancerCell
Cancer:透明细胞乳头状肾细胞癌,clear cell papillary renal cell carcinoma,,,Cancer
CancerCell:VHL-p.T133N-肾集合管癌,VHL-p.T133N-肾集合管癌,,,CancerCell
Cancer:肾集合管癌,collecting duct renal cell carcinoma,,,Cancer
SnvFull:ROS1-p.L2026M,ROS1-p.L2026M,,,SnvFull
CancerCell:ROS1-p.L2026M-肺癌,ROS1-p.L2026M-肺癌,,,CancerCell
Cancer:肺癌,lung cancer,,,Cancer
CancerCell:ROS1-p.L2026M-分化差的非小细胞肺癌,ROS1-p.L2026M-分化差的非小细胞肺癌,,,CancerCell
Cancer:分化差的非小细胞肺癌,poorly differentiated non-small cell lung cancer,,,Cancer
CancerCell:ROS1-p.L2026M-肺横纹肌样表型大细胞癌,ROS1-p.L2026M-肺横纹肌样表型大细胞癌,,,CancerCell
Cancer:肺横纹肌样表型大细胞癌,large cell lung carcinoma with rhabdoid phenotype,,,Cancer
CancerCell:ROS1-p.L2026M-肺腺样囊性癌,ROS1-p.L2026M-肺腺样囊性癌,,,CancerCell
Cancer:肺腺样囊性癌,adenoid cystic carcinoma of the lung,,,Cancer
CancerCell:ROS1-p.L2026M-肺部炎性肌纤维母细胞瘤,ROS1-p.L2026M-肺部炎性肌纤维母细胞瘤,,,CancerCell
Cancer:肺部炎性肌纤维母细胞瘤,inflammatory myofibroblastic lung tumor,,,Cancer
CancerCell:ROS1-p.L2026M-巨细胞肺癌,ROS1-p.L2026M-巨细胞肺癌,,,CancerCell
Cancer:巨细胞肺癌,giant cell carcinoma of the lung,,,Cancer
CancerCell:ROS1-p.L2026M-肺神经内分泌瘤,ROS1-p.L2026M-肺神经内分泌瘤,,,CancerCell
Cancer:肺神经内分泌瘤,lung neuroendocrine tumor,,,Cancer
CancerCell:ROS1-p.L2026M-肺黏液表皮样癌,ROS1-p.L2026M-肺黏液表皮样癌,,,CancerCell
Cancer:肺黏液表皮样癌,mucoepidermoid carcinoma of the lung,,,Cancer
CancerCell:ROS1-p.L2026M-非鳞状非小细胞肺癌,ROS1-p.L2026M-非鳞状非小细胞肺癌,,,CancerCell
Cancer:非鳞状非小细胞肺癌,non-squamous non-small cell lung cancer,,,Cancer
CancerCell:ROS1-p.L2026M-肺淋巴上皮瘤样癌,ROS1-p.L2026M-肺淋巴上皮瘤样癌,,,CancerCell
Cancer:肺淋巴上皮瘤样癌,lymphoepithelioma-like carcinoma of the lung,,,Cancer
SnvFull:EZH2-p.A682G,EZH2-p.A682G,,,SnvFull
CancerCell:EZH2-p.A682G-滤泡性淋巴瘤(FL),EZH2-p.A682G-滤泡性淋巴瘤(FL),,,CancerCell
Cancer:滤泡性淋巴瘤(FL),follicular lymphoma (fl),,,Cancer
CancerCell:EZH2-p.A682G-十二指肠型滤泡性淋巴瘤(DFL),EZH2-p.A682G-十二指肠型滤泡性淋巴瘤(DFL),,,CancerCell
Cancer:十二指肠型滤泡性淋巴瘤(DFL),duodenal-type follicular lymphoma (dfl),,,Cancer
CancerCell:EZH2-p.A682G-成熟B细胞淋巴瘤,EZH2-p.A682G-成熟B细胞淋巴瘤,,,CancerCell
Cancer:成熟B细胞淋巴瘤,mature b-cell neoplasms,,,Cancer
CancerCell:EZH2-p.A682G-淋巴瘤,EZH2-p.A682G-淋巴瘤,,,CancerCell
Cancer:淋巴瘤,lymphoid cancer,,,Cancer
CancerCell:EZH2-p.A682G-非霍奇金淋巴瘤,EZH2-p.A682G-非霍奇金淋巴瘤,,,CancerCell
Cancer:非霍奇金淋巴瘤,non-hodgkin lymphoma,,,Cancer
CancerCell:EZH2-p.A682G-淋巴癌,EZH2-p.A682G-淋巴癌,,,CancerCell
Cancer:淋巴癌,lymphoid neoplasm,,,Cancer
CancerCell:EZH2-p.A682G-原位滤泡肿瘤,EZH2-p.A682G-原位滤泡肿瘤,,,CancerCell
Cancer:原位滤泡肿瘤,in situ follicular neoplasia (isfn),,,Cancer
Drug:lithium chloride,lithium chloride,NO,NO,Drug
Genesymbol:GSK3B,GSK3B,,,Genesymbol
Drug:Ro31-8220,Ro31-8220,NO,NO,Drug
Drug:PHA-533533,PHA-533533,NO,NO,Drug
Drug:elraglusib,elraglusib,NO,NO,Drug
Drug:CHIR99021,CHIR99021,NO,NO,Drug
Drug:GS87,GS87,NO,NO,Drug
Drug:LY2090314,LY2090314,NO,NO,Drug
Drug:PBA2,PBA2,NO,NO,Drug
Cancer:乳头肿瘤,nipple neoplasms,,,Cancer
CancerCell:ERBB2-Amp;ERBB2-p.E401G-乳头肿瘤,ERBB2-Amp;ERBB2-p.E401G-乳头肿瘤,,,CancerCell
CancerCell:ALK-p.L1196M;.-ALK-乳头肿瘤,ALK-p.L1196M;.-ALK-乳头肿瘤,,,CancerCell
CancerCell:MET-skipping_mut;MET-p.L1195V-乳头肿瘤,MET-skipping_mut;MET-p.L1195V-乳头肿瘤,,,CancerCell
CancerCell:CSF1R-p.Y546_K551del-乳头肿瘤,CSF1R-p.Y546_K551del-乳头肿瘤,,,CancerCell
CancerCell:MET-skipping_mut;MET-p.D1228N-乳头肿瘤,MET-skipping_mut;MET-p.D1228N-乳头肿瘤,,,CancerCell
CancerCell:CSF1R-p.W450_E456del-乳头肿瘤,CSF1R-p.W450_E456del-乳头肿瘤,,,CancerCell
CancerCell:ALK-p.L1198F;.-ALK-乳头肿瘤,ALK-p.L1198F;.-ALK-乳头肿瘤,,,CancerCell
CancerCell:JAK2-p.V617F-乳头肿瘤,JAK2-p.V617F-乳头肿瘤,,,CancerCell
CancerCell:FLT3-p.D835Y-乳头肿瘤,FLT3-p.D835Y-乳头肿瘤,,,CancerCell
CancerCell:ALK-p.G1202R;.-ALK-乳头肿瘤,ALK-p.G1202R;.-ALK-乳头肿瘤,,,CancerCell
DrugAlias:meccnu,meccnu,,,DrugAlias
Drug:司莫司汀,semustine,NO,YES,Drug
Genesymbol:IKZF3,IKZF3,,,Genesymbol
Cancer:慢性淋巴细胞白血病/小淋巴细胞淋巴瘤,chronic lymphocytic leukemia/small lymphocytic lymphoma (cllsll),,,Cancer
Genesymbol:PBRM1,PBRM1,,,Genesymbol
CancerAlias:胆管癌,cholangiocarcinoma,,,CancerAlias
Cancer:宫颈鳞状细胞癌,cervical squamous cell carcinoma,,,Cancer
Cancer:食管癌,esophageal carcinoma,,,Cancer
Cancer:肺腺癌,lung adenocarcinoma,,,Cancer
Cancer:皮肤黑色素瘤,cutaneous melanoma,,,Cancer
Cancer:子宫内膜癌,endometrial carcinoma,,,Cancer
Genesymbol:PRKAR1A,PRKAR1A,,,Genesymbol
Genesymbol:TNC,TNC,,,Genesymbol
Genesymbol:NF1,NF1,,,Genesymbol
CancerAlias:肾上腺皮质癌,adrenocortical carcinoma,,,CancerAlias
Cancer:胶质母细胞瘤,glioblastoma,,,Cancer
Cancer:毛细胞型星形细胞瘤,pilocytic astrocytoma cancer,,,Cancer
Cancer:头颈部鳞状细胞癌,head and neck squamous cell carcinoma,,,Cancer
Cancer:肝癌,liver cancer,,,Cancer
Cancer:髓母细胞瘤,medulloblastoma,,,Cancer
CancerCell:FLT3-p.I836H-骨髓瘤,FLT3-p.I836H-骨髓瘤,,,CancerCell
Drug:索拉非尼,sorafenib,YES,YES,Drug
CancerCell:FLT3-p.I836D-骨髓瘤,FLT3-p.I836D-骨髓瘤,,,CancerCell
CancerCell:FLT3-p.I836M-骨髓瘤,FLT3-p.I836M-骨髓瘤,,,CancerCell
CancerCell:FLT3-p.I836V-骨髓瘤,FLT3-p.I836V-骨髓瘤,,,CancerCell
CancerCell:FLT3-p.I836L-骨髓瘤,FLT3-p.I836L-骨髓瘤,,,CancerCell
CancerCell:FLT3-p.I836F-骨髓瘤,FLT3-p.I836F-骨髓瘤,,,CancerCell
CancerCell:FLT3-p.D835E-骨髓瘤,FLT3-p.D835E-骨髓瘤,,,CancerCell
CancerCell:EGFR-p.C797S<T790M顺式>-肺多形性癌,EGFR-p.C797S<T790M顺式>-肺多形性癌,,,CancerCell
Drug:奥希替尼,osimertinib,YES,YES,Drug
CancerCell:NTRK1-p.G667C-原位结肠腺癌,NTRK1-p.G667C-原位结肠腺癌,,,CancerCell
Drug:恩曲替尼,entrectinib,YES,YES,Drug
CancerCell:NTRK1-p.G667C-结肠腺癌,NTRK1-p.G667C-结肠腺癌,,,CancerCell
CancerCell:KIT-p.T670I-软组织肿瘤,KIT-p.T670I-软组织肿瘤,,,CancerCell
Drug:阿伐替尼,avapritinib,YES,YES,Drug
CancerCell:KIT-p.V654A-软组织肿瘤,KIT-p.V654A-软组织肿瘤,,,CancerCell
Drug:radotinib,radotinib,NA,NA,Drug
Genesymbol:ABL1,ABL1,,,Genesymbol
Drug:奥雷巴替尼,olverembatinib,NO,YES,Drug
Drug:vandetanib,vandetanib,YES,NO,Drug
Drug:伊马替尼,imatinib,YES,YES,Drug
Drug:debio 0617b,debio 0617b,NO,NO,Drug
Drug:PP-121,PP-121,NO,NO,Drug
Drug:agerafenib,agerafenib,NO,NO,Drug
Drug:AT9283,AT9283,NO,NO,Drug
Drug:danusertib,danusertib,NO,NO,Drug
Drug:厄洛替尼,erlotinib,YES,YES,Drug
CancerCell:EGFR-p.L833V;EGFR-p.L858R-肺癌,EGFR-p.L833V;EGFR-p.L858R-肺癌,,,CancerCell
SnvFull:EGFR-p.L858R,EGFR-p.L858R,,,SnvFull
SnvFull:EGFR-p.L833V,EGFR-p.L833V,,,SnvFull
CancerCell:EGFR-p.L833V;EGFR-p.L858R-非小细胞肺癌,EGFR-p.L833V;EGFR-p.L858R-非小细胞肺癌,,,CancerCell
CancerCell:EGFR-p.E709G;EGFR-p.L858R-肺涎腺型肿瘤,EGFR-p.E709G;EGFR-p.L858R-肺涎腺型肿瘤,,,CancerCell
SnvFull:EGFR-p.E709G,EGFR-p.E709G,,,SnvFull
CancerCell:EGFR-p.E709G;EGFR-p.L858R-肺基底细胞样大细胞癌,EGFR-p.E709G;EGFR-p.L858R-肺基底细胞样大细胞癌,,,CancerCell
CancerCell:EGFR-p.E709G;EGFR-p.L858R-肺透明细胞癌,EGFR-p.E709G;EGFR-p.L858R-肺透明细胞癌,,,CancerCell
CancerCell:ERBB2-Low_exp-食管/胃癌,ERBB2-Low_exp-食管/胃癌,,,CancerCell
CancerCell:ERBB2-Low_exp;PIK3CA-p.H1047R;ESR1-High_exp-乳腺癌(HR阳性，HER2阴性),ERBB2-Low_exp;PIK3CA-p.H1047R;ESR1-High_exp-乳腺癌(HR阳性，HER2阴性),,,CancerCell
Cancer:乳腺癌(HR阳性，HER2阴性),乳腺癌(HR阳性，HER2阴性) cancer,,,Cancer
CancerCell:PGR-High_exp;ERBB2-Low_exp;PIK3CA-p.H1047R;ESR1-High_exp-乳腺癌(HR阳性，HER2阴性),PGR-High_exp;ERBB2-Low_exp;PIK3CA-p.H1047R;ESR1-High_exp-乳腺癌(HR阳性，HER2阴性),,,CancerCell
CancerCell:PGR-High_exp;ERBB2-Low_exp;PIK3CA-p.H1047R-乳腺癌(HR阳性，HER2阴性),PGR-High_exp;ERBB2-Low_exp;PIK3CA-p.H1047R-乳腺癌(HR阳性，HER2阴性),,,CancerCell
Drug:KN026,KN026,NO,NO,Drug
Drug:奥拉帕利,olaparib,YES,YES,Drug
Cancer:输卵管癌,fallopian tube carcinoma,,,Cancer
Drug:尼拉帕利,niraparib,YES,YES,Drug
Drug:rucaparib,rucaparib,YES,NO,Drug
Drug:mirvetuximab soravtansine,mirvetuximab soravtansine,YES,NO,Drug
Drug:氟唑帕利,fluzoparib,NO,YES,Drug
Drug:帕米帕利,pamiparib,NO,YES,Drug
Drug:贝伐珠单抗,bevacizumab,YES,YES,Drug
CancerCell:BRAF-p.G469R-肺癌,BRAF-p.G469R-肺癌,,,CancerCell
SnvFull:BRAF-p.G469R,BRAF-p.G469R,,,SnvFull
CancerCell:BRAF-p.G469R-非小细胞肺癌,BRAF-p.G469R-非小细胞肺癌,,,CancerCell
CancerCell:RET-p.M918T-甲状腺癌,RET-p.M918T-甲状腺癌,,,CancerCell
SnvFull:RET-p.M918T,RET-p.M918T,,,SnvFull
CancerCell:BRAF-p.G469V-肺涎腺型肿瘤,BRAF-p.G469V-肺涎腺型肿瘤,,,CancerCell
SnvFull:BRAF-p.G469V,BRAF-p.G469V,,,SnvFull
CancerCell:BRAF-p.G469V-肺基底细胞样大细胞癌,BRAF-p.G469V-肺基底细胞样大细胞癌,,,CancerCell
CancerCell:BRAF-p.G469V-肺透明细胞癌,BRAF-p.G469V-肺透明细胞癌,,,CancerCell
CancerCell:BRAF-p.G469V-肺梭形细胞癌,BRAF-p.G469V-肺梭形细胞癌,,,CancerCell
CancerCell:BRAF-p.G469V-肺纤毛黏液结节性乳头状肿瘤,BRAF-p.G469V-肺纤毛黏液结节性乳头状肿瘤,,,CancerCell
CancerCell:BRAF-p.G469V-鳞状非小细胞肺癌,BRAF-p.G469V-鳞状非小细胞肺癌,,,CancerCell
CancerCell:BRAF-p.G469V-肺多形性癌,BRAF-p.G469V-肺多形性癌,,,CancerCell
Genesymbol:NTRK1,NTRK1,,,Genesymbol
Drug:belizatinib,belizatinib,NO,NO,Drug
Drug:SIM-89,SIM-89,NO,NO,Drug
Drug:taletrectinib,taletrectinib,NO,NO,Drug
Drug:拉罗替尼,larotrectinib,YES,YES,Drug
Drug:VMD-928,VMD-928,NO,NO,Drug
Drug:GTx-186,GTx-186,NO,NO,Drug
Drug:BMS-754807,BMS-754807,NO,NO,Drug
Drug:repotrectinib,repotrectinib,NO,NO,Drug
Drug:FIIN-1,FIIN-1,NO,NO,Drug
Genesymbol:FGFR1,FGFR1,,,Genesymbol
SnvFull:FGFR1-p.M128T,FGFR1-p.M128T,,,SnvFull
SnvFull:FGFR1-p.E29K,FGFR1-p.E29K,,,SnvFull
SnvFull:FGFR1-p.R488S,FGFR1-p.R488S,,,SnvFull
SnvFull:FGFR1-p.L33F,FGFR1-p.L33F,,,SnvFull
SnvFull:FGFR1-p.T698M,FGFR1-p.T698M,,,SnvFull
SnvFull:FGFR1-p.S690G,FGFR1-p.S690G,,,SnvFull
SnvFull:FGFR1-p.Q337H,FGFR1-p.Q337H,,,SnvFull
SnvFull:FGFR1-p.P580R,FGFR1-p.P580R,,,SnvFull
SnvFull:FGFR1-p.K632N,FGFR1-p.K632N,,,SnvFull
SnvFull:FGFR1-p.T15K,FGFR1-p.T15K,,,SnvFull
DrugAlias:nadofaragene firadenovec-vncg,nadofaragene firadenovec-vncg,,,DrugAlias
Cancer:膀胱尿路上皮癌,bladder urothelial carcinoma,,,Cancer
Drug:vinflunine,vinflunine,NO,NO,Drug
Drug:阿法替尼,afatinib,YES,YES,Drug
CancerCell:EGFR-p.L858R;CTNNB1-act;EGFR-p.E709-肺癌,EGFR-p.L858R;CTNNB1-act;EGFR-p.E709-肺癌,,,CancerCell
CancerCell:EGFR-p.L858R;CTNNB1-act;EGFR-p.E709-非小细胞肺癌,EGFR-p.L858R;CTNNB1-act;EGFR-p.E709-非小细胞肺癌,,,CancerCell
CancerCell:EGFR-p.L861R;EGFR-p.R776G-肺癌,EGFR-p.L861R;EGFR-p.R776G-肺癌,,,CancerCell
SnvFull:EGFR-p.R776G,EGFR-p.R776G,,,SnvFull
CancerCell:EGFR-p.L861R;EGFR-p.R776G-非小细胞肺癌,EGFR-p.L861R;EGFR-p.R776G-非小细胞肺癌,,,CancerCell
CancerCell:EGFR-p.E746_L747delinsIP;EGFR-p.S1190F-肺癌,EGFR-p.E746_L747delinsIP;EGFR-p.S1190F-肺癌,,,CancerCell
SnvFull:EGFR-p.S1190F,EGFR-p.S1190F,,,SnvFull
SnvFull:EGFR-p.E746_L747delinsIP,EGFR-p.E746_L747delinsIP,,,SnvFull
CancerCell:EGFR-p.E746_L747delinsIP;EGFR-p.S1190F-非小细胞肺癌,EGFR-p.E746_L747delinsIP;EGFR-p.S1190F-非小细胞肺癌,,,CancerCell
Drug:MK-2206,MK-2206,NO,NO,Drug
Genesymbol:AKT1,AKT1,,,Genesymbol
SnvFull:AKT1-p.S2R,AKT1-p.S2R,,,SnvFull
SnvFull:AKT1-p.A304T,AKT1-p.A304T,,,SnvFull
SnvFull:AKT1-p.F469L,AKT1-p.F469L,,,SnvFull
SnvFull:AKT1-p.A476S,AKT1-p.A476S,,,SnvFull
SnvFull:AKT1-p.R76S,AKT1-p.R76S,,,SnvFull
SnvFull:AKT1-p.S129L,AKT1-p.S129L,,,SnvFull
SnvFull:AKT1-p.Q352R,AKT1-p.Q352R,,,SnvFull
SnvFull:AKT1-p.P68S,AKT1-p.P68S,,,SnvFull
SnvFull:AKT1-p.P125S,AKT1-p.P125S,,,SnvFull
SnvFull:AKT1-p.K111N,AKT1-p.K111N,,,SnvFull
Cancer:胰腺癌,pancreas cancer,,,Cancer
CancerCell:ERBB2-Amp;ERBB2-p.E401G-胰腺癌,ERBB2-Amp;ERBB2-p.E401G-胰腺癌,,,CancerCell
CancerCell:ALK-p.L1196M;.-ALK-胰腺癌,ALK-p.L1196M;.-ALK-胰腺癌,,,CancerCell
CancerCell:MET-skipping_mut;MET-p.L1195V-胰腺癌,MET-skipping_mut;MET-p.L1195V-胰腺癌,,,CancerCell
CancerCell:CSF1R-p.Y546_K551del-胰腺癌,CSF1R-p.Y546_K551del-胰腺癌,,,CancerCell
CancerCell:MET-skipping_mut;MET-p.D1228N-胰腺癌,MET-skipping_mut;MET-p.D1228N-胰腺癌,,,CancerCell
CancerCell:CSF1R-p.W450_E456del-胰腺癌,CSF1R-p.W450_E456del-胰腺癌,,,CancerCell
CancerCell:ALK-p.L1198F;.-ALK-胰腺癌,ALK-p.L1198F;.-ALK-胰腺癌,,,CancerCell
CancerCell:JAK2-p.V617F-胰腺癌,JAK2-p.V617F-胰腺癌,,,CancerCell
CancerCell:FLT3-p.D835Y-胰腺癌,FLT3-p.D835Y-胰腺癌,,,CancerCell
CancerCell:ALK-p.G1202R;.-ALK-胰腺癌,ALK-p.G1202R;.-ALK-胰腺癌,,,CancerCell
Drug:二甲双胍,metformin,YES,YES,Drug
Genesymbol:MTOR,MTOR,,,Genesymbol
Drug:AZD-8055,AZD-8055,NO,NO,Drug
Drug:detorsertib,detorsertib,NA,NA,Drug
Drug:ABI-009,ABI-009,NO,NO,Drug
Drug:CC-223,CC-223,NO,NO,Drug
Drug:apitolisib,apitolisib,NO,NO,Drug
Drug:伊曲康唑,itraconazole,YES,YES,Drug
Drug:ABTL0812,ABTL0812,NO,NO,Drug
Drug:antroquinonol,antroquinonol,NO,NO,Drug
CancerCell:ERBB2-Amp;ERBB2-p.E401G-食管癌,ERBB2-Amp;ERBB2-p.E401G-食管癌,,,CancerCell
CancerCell:ALK-p.L1196M;.-ALK-食管癌,ALK-p.L1196M;.-ALK-食管癌,,,CancerCell
CancerCell:MET-skipping_mut;MET-p.L1195V-食管癌,MET-skipping_mut;MET-p.L1195V-食管癌,,,CancerCell
CancerCell:CSF1R-p.Y546_K551del-食管癌,CSF1R-p.Y546_K551del-食管癌,,,CancerCell
CancerCell:MET-skipping_mut;MET-p.D1228N-食管癌,MET-skipping_mut;MET-p.D1228N-食管癌,,,CancerCell
CancerCell:CSF1R-p.W450_E456del-食管癌,CSF1R-p.W450_E456del-食管癌,,,CancerCell
CancerCell:ALK-p.L1198F;.-ALK-食管癌,ALK-p.L1198F;.-ALK-食管癌,,,CancerCell
CancerCell:JAK2-p.V617F-食管癌,JAK2-p.V617F-食管癌,,,CancerCell
CancerCell:FLT3-p.D835Y-食管癌,FLT3-p.D835Y-食管癌,,,CancerCell
CancerCell:ALK-p.G1202R;.-ALK-食管癌,ALK-p.G1202R;.-ALK-食管癌,,,CancerCell
Drug:sotorasib,sotorasib,YES,NO,Drug
Cancer:非小细胞肺癌,non-small cell lung cancer,,,Cancer
Drug:阿地白介素,aldesleukin,YES,YES,Drug
Cancer:黑色素瘤,melanoma,,,Cancer
Drug:abarelix,abarelix,YES,NO,Drug
Drug:bexarotene,bexarotene,YES,NO,Drug
Cancer:T淋巴细胞白血病/淋巴瘤,t-lymphoblastic leukemia/lymphoma,,,Cancer
Drug:硼替佐米,bortezomib,YES,YES,Drug
CancerCell:套细胞淋巴瘤(MCL),套细胞淋巴瘤(MCL),,,CancerCell
CancerCell:ALK-p.F1174V-巨细胞肺癌,ALK-p.F1174V-巨细胞肺癌,,,CancerCell
Drug:阿来替尼,alectinib,YES,YES,Drug
CancerCell:ALK-p.F1245C-巨细胞肺癌,ALK-p.F1245C-巨细胞肺癌,,,CancerCell
Drug:塞瑞替尼,ceritinib,YES,YES,Drug
CancerCell:EML4-ALK-巨细胞肺癌,EML4-ALK-巨细胞肺癌,,,CancerCell
Drug:ganetespib,ganetespib,NO,NO,Drug
CancerCell:ALK-p.C1156Y-巨细胞肺癌,ALK-p.C1156Y-巨细胞肺癌,,,CancerCell
Drug:洛拉替尼,lorlatinib,YES,YES,Drug
Drug:TPX-0131,TPX-0131,NO,NO,Drug
Genesymbol:ALK,ALK,,,Genesymbol
Drug:伊鲁阿克,iruplinalkib,NO,YES,Drug
Drug:TAE684,TAE684,NO,NO,Drug
Drug:PLB1003,PLB1003,NO,NO,Drug
Drug:X-376,X-376,NO,NO,Drug
Drug:RF-A089,RF-A089,NO,NO,Drug
Drug:XZP-3621,XZP-3621,NA,NA,Drug
Drug:CEP-28122,CEP-28122,NO,NO,Drug
Drug:恩沙替尼,ensartinib,NO,YES,Drug
CancerCell:EGFR-p.L861R;EGFR-p.G719A-肝癌,EGFR-p.L861R;EGFR-p.G719A-肝癌,,,CancerCell
CancerCell:ERBB2-Amp;ERBB2-p.E401G-肝癌,ERBB2-Amp;ERBB2-p.E401G-肝癌,,,CancerCell
CancerCell:ALK-p.L1196M;.-ALK-肝癌,ALK-p.L1196M;.-ALK-肝癌,,,CancerCell
CancerCell:MET-skipping_mut;MET-p.L1195V-肝癌,MET-skipping_mut;MET-p.L1195V-肝癌,,,CancerCell
CancerCell:CSF1R-p.Y546_K551del-肝癌,CSF1R-p.Y546_K551del-肝癌,,,CancerCell
CancerCell:MET-skipping_mut;MET-p.D1228N-肝癌,MET-skipping_mut;MET-p.D1228N-肝癌,,,CancerCell
CancerCell:CSF1R-p.W450_E456del-肝癌,CSF1R-p.W450_E456del-肝癌,,,CancerCell
CancerCell:JAK2-p.V617F-肝癌,JAK2-p.V617F-肝癌,,,CancerCell
CancerCell:ALK-p.L1198F;.-ALK-肝癌,ALK-p.L1198F;.-ALK-肝癌,,,CancerCell
Cancer:甲状腺癌,thyroid cancer,,,Cancer
CancerCell:EGFR-p.L861R;EGFR-p.G719A-甲状腺癌,EGFR-p.L861R;EGFR-p.G719A-甲状腺癌,,,CancerCell
CancerCell:ERBB2-Amp;ERBB2-p.E401G-甲状腺癌,ERBB2-Amp;ERBB2-p.E401G-甲状腺癌,,,CancerCell
CancerCell:ALK-p.L1196M;.-ALK-甲状腺癌,ALK-p.L1196M;.-ALK-甲状腺癌,,,CancerCell
CancerCell:MET-skipping_mut;MET-p.L1195V-甲状腺癌,MET-skipping_mut;MET-p.L1195V-甲状腺癌,,,CancerCell
CancerCell:CSF1R-p.Y546_K551del-甲状腺癌,CSF1R-p.Y546_K551del-甲状腺癌,,,CancerCell
CancerCell:MET-skipping_mut;MET-p.D1228N-甲状腺癌,MET-skipping_mut;MET-p.D1228N-甲状腺癌,,,CancerCell
CancerCell:CSF1R-p.W450_E456del-甲状腺癌,CSF1R-p.W450_E456del-甲状腺癌,,,CancerCell
CancerCell:JAK2-p.V617F-甲状腺癌,JAK2-p.V617F-甲状腺癌,,,CancerCell
CancerCell:ALK-p.L1198F;.-ALK-甲状腺癌,ALK-p.L1198F;.-ALK-甲状腺癌,,,CancerCell
Cancer:宫颈癌,cervix cancer,,,Cancer
CancerCell:ERBB2-Amp;ERBB2-p.E401G-宫颈癌,ERBB2-Amp;ERBB2-p.E401G-宫颈癌,,,CancerCell
CancerCell:ALK-p.L1196M;.-ALK-宫颈癌,ALK-p.L1196M;.-ALK-宫颈癌,,,CancerCell
CancerCell:MET-skipping_mut;MET-p.L1195V-宫颈癌,MET-skipping_mut;MET-p.L1195V-宫颈癌,,,CancerCell
CancerCell:CSF1R-p.Y546_K551del-宫颈癌,CSF1R-p.Y546_K551del-宫颈癌,,,CancerCell
CancerCell:MET-skipping_mut;MET-p.D1228N-宫颈癌,MET-skipping_mut;MET-p.D1228N-宫颈癌,,,CancerCell
CancerCell:CSF1R-p.W450_E456del-宫颈癌,CSF1R-p.W450_E456del-宫颈癌,,,CancerCell
CancerCell:ALK-p.L1198F;.-ALK-宫颈癌,ALK-p.L1198F;.-ALK-宫颈癌,,,CancerCell
CancerCell:JAK2-p.V617F-宫颈癌,JAK2-p.V617F-宫颈癌,,,CancerCell
CancerCell:FLT3-p.D835Y-宫颈癌,FLT3-p.D835Y-宫颈癌,,,CancerCell
CancerCell:ALK-p.G1202R;.-ALK-宫颈癌,ALK-p.G1202R;.-ALK-宫颈癌,,,CancerCell
Genesymbol:MYH8,MYH8,,,Genesymbol
GeneticDisease:牙关紧闭假屈曲指综合征,Trismus-Pseudocamptodactyly Syndrome with Cardiac Myxoma and Freckling,,,GeneticDisease
Genesymbol:PDGFRA,PDGFRA,,,Genesymbol
GeneticDisease:多发性复发性胃肠道纤维瘤息肉,Multiple Recurrent Inflammatory Gastrointestinal Fibroid Polyps,,,GeneticDisease
GeneticDisease:家族性胃肠道间质瘤,Familial Gastrointestinal Stromal Tumors,,,GeneticDisease
Genesymbol:CYLD,CYLD,,,Genesymbol
GeneticDisease:多发性家族性毛发上皮瘤,Multiple Trichoepithelioma,,,GeneticDisease
GeneticDisease:Brooke-Spiegler综合征,Brooke-Spiegler Syndrome,,,GeneticDisease
GeneticDisease:家族性圆柱瘤,Familial Cylindromatosis,,,GeneticDisease
SnvFull:AIRE-p.R351L,AIRE-p.R351L,,,SnvFull
Genesymbol:AIRE,AIRE,,,Genesymbol
SnvFull:AIRE-p.D41E,AIRE-p.D41E,,,SnvFull
SnvFull:AIRE-p.A25D,AIRE-p.A25D,,,SnvFull
SnvFull:AIRE-p.R445L,AIRE-p.R445L,,,SnvFull
SnvFull:AIRE-p.S195P,AIRE-p.S195P,,,SnvFull
SnvFull:AIRE-p.F100S,AIRE-p.F100S,,,SnvFull
SnvFull:AIRE-p.V118F,AIRE-p.V118F,,,SnvFull
SnvFull:AIRE-c.*79C>G,AIRE-c.*79C>G,,,SnvFull
SnvFull:AIRE-p.*546Cext*?,AIRE-p.*546Cext*?,,,SnvFull
SnvFull:AIRE-p.*546Sext*?,AIRE-p.*546Sext*?,,,SnvFull
Genesymbol:XIAP,XIAP,,,Genesymbol
GeneticDisease:X-连锁淋巴细胞异常增生症,X-linked Lymphoproliferative syndrome,,,GeneticDisease
Genesymbol:PALB2,PALB2,,,Genesymbol
GeneticDisease:PALB2相关性家族性乳腺癌和胰腺癌,PALB2-associated Familial Breast and Pancreatic Cancer,,,GeneticDisease
GeneticDisease:遗传性乳腺癌和卵巢癌综合征（非BRCA）,Hereditary Breast-Ovarian Cancer,,,GeneticDisease
GeneticDisease:家族聚集性胰腺癌,Pancreatic Cancer,,,GeneticDisease
GeneticDisease:遗传性前列腺癌,Hereditary Prostate Cancer,,,GeneticDisease
Cancer:皮肤癌,skin cancer,,,Cancer
CancerCell:ALK-p.L1196M;.-ALK-皮肤癌,ALK-p.L1196M;.-ALK-皮肤癌,,,CancerCell
Fusion:.-ALK,.-ALK,,,Fusion
CancerCell:ALK-p.L1198F;.-ALK-皮肤癌,ALK-p.L1198F;.-ALK-皮肤癌,,,CancerCell
CancerCell:ALK-p.G1202R;.-ALK-皮肤癌,ALK-p.G1202R;.-ALK-皮肤癌,,,CancerCell
CancerCell:ALK-p.C1156Y;.-ALK-皮肤癌,ALK-p.C1156Y;.-ALK-皮肤癌,,,CancerCell
CancerCell:FGFR2-SKI-皮肤癌,FGFR2-SKI-皮肤癌,,,CancerCell
Fusion:FGFR2-SKI,FGFR2-SKI,,,Fusion
CancerCell:FGFR3-TACC3-皮肤癌,FGFR3-TACC3-皮肤癌,,,CancerCell
Fusion:FGFR3-TACC3,FGFR3-TACC3,,,Fusion
CancerCell:FGFR2-TACC3-皮肤癌,FGFR2-TACC3-皮肤癌,,,CancerCell
Fusion:FGFR2-TACC3,FGFR2-TACC3,,,Fusion
CancerCell:FGFR2-CLIP1-皮肤癌,FGFR2-CLIP1-皮肤癌,,,CancerCell
Fusion:FGFR2-CLIP1,FGFR2-CLIP1,,,Fusion
CancerCell:FGFR2-SHTN1-皮肤癌,FGFR2-SHTN1-皮肤癌,,,CancerCell
Fusion:FGFR2-SHTN1,FGFR2-SHTN1,,,Fusion
CancerCell:.-FGFR1-皮肤癌,.-FGFR1-皮肤癌,,,CancerCell
Fusion:.-FGFR1,.-FGFR1,,,Fusion
Cancer:盆腔肿瘤,pelvic tumor,,,Cancer
CancerCell:ALK-p.L1196M;.-ALK-盆腔肿瘤,ALK-p.L1196M;.-ALK-盆腔肿瘤,,,CancerCell
CancerCell:ALK-p.L1198F;.-ALK-盆腔肿瘤,ALK-p.L1198F;.-ALK-盆腔肿瘤,,,CancerCell
CancerCell:ALK-p.G1202R;.-ALK-盆腔肿瘤,ALK-p.G1202R;.-ALK-盆腔肿瘤,,,CancerCell
CancerCell:ALK-p.C1156Y;.-ALK-盆腔肿瘤,ALK-p.C1156Y;.-ALK-盆腔肿瘤,,,CancerCell
CancerCell:FGFR2-SKI-盆腔肿瘤,FGFR2-SKI-盆腔肿瘤,,,CancerCell
CancerCell:FGFR3-TACC3-盆腔肿瘤,FGFR3-TACC3-盆腔肿瘤,,,CancerCell
CancerCell:FGFR2-TACC3-盆腔肿瘤,FGFR2-TACC3-盆腔肿瘤,,,CancerCell
CancerCell:FGFR2-CLIP1-盆腔肿瘤,FGFR2-CLIP1-盆腔肿瘤,,,CancerCell
CancerCell:FGFR2-SHTN1-盆腔肿瘤,FGFR2-SHTN1-盆腔肿瘤,,,CancerCell
CancerCell:.-FGFR1-盆腔肿瘤,.-FGFR1-盆腔肿瘤,,,CancerCell
CancerCell:ALK-p.L1196M;.-ALK-肺淋巴上皮瘤样癌,ALK-p.L1196M;.-ALK-肺淋巴上皮瘤样癌,,,CancerCell
CancerCell:ALK-p.L1198F;.-ALK-肺淋巴上皮瘤样癌,ALK-p.L1198F;.-ALK-肺淋巴上皮瘤样癌,,,CancerCell
CancerCell:ALK-p.G1202R;.-ALK-肺淋巴上皮瘤样癌,ALK-p.G1202R;.-ALK-肺淋巴上皮瘤样癌,,,CancerCell
CancerCell:ROS1-p.L2086F;CD74-ROS1-肺淋巴上皮瘤样癌,ROS1-p.L2086F;CD74-ROS1-肺淋巴上皮瘤样癌,,,CancerCell
Fusion:CD74-ROS1,CD74-ROS1,,,Fusion
CancerCell:RUFY2-RET;EGFR-p.L858R-肺淋巴上皮瘤样癌,RUFY2-RET;EGFR-p.L858R-肺淋巴上皮瘤样癌,,,CancerCell
Fusion:RUFY2-RET,RUFY2-RET,,,Fusion
CancerCell:KIF5B-RET;EGFR-p.L858R-肺淋巴上皮瘤样癌,KIF5B-RET;EGFR-p.L858R-肺淋巴上皮瘤样癌,,,CancerCell
Fusion:KIF5B-RET,KIF5B-RET,,,Fusion
CancerCell:NCOA4-RET;EGFR-p.L858R-肺淋巴上皮瘤样癌,NCOA4-RET;EGFR-p.L858R-肺淋巴上皮瘤样癌,,,CancerCell
Fusion:NCOA4-RET,NCOA4-RET,,,Fusion
CancerCell:CCDC6-RET;EGFR-p.L858R-肺淋巴上皮瘤样癌,CCDC6-RET;EGFR-p.L858R-肺淋巴上皮瘤样癌,,,CancerCell
Fusion:CCDC6-RET,CCDC6-RET,,,Fusion
CancerCell:EGFR-exon19del;RUFY2-RET-肺淋巴上皮瘤样癌,EGFR-exon19del;RUFY2-RET-肺淋巴上皮瘤样癌,,,CancerCell
CancerCell:EGFR-exon19del;KIF5B-RET-肺淋巴上皮瘤样癌,EGFR-exon19del;KIF5B-RET-肺淋巴上皮瘤样癌,,,CancerCell
Cancer:胰腺神经内分泌瘤,pancreatic neuroendocrine tumor,,,Cancer
CancerCell:ALK-p.L1196M;.-ALK-胰腺神经内分泌瘤,ALK-p.L1196M;.-ALK-胰腺神经内分泌瘤,,,CancerCell
CancerCell:ALK-p.L1198F;.-ALK-胰腺神经内分泌瘤,ALK-p.L1198F;.-ALK-胰腺神经内分泌瘤,,,CancerCell
CancerCell:ALK-p.G1202R;.-ALK-胰腺神经内分泌瘤,ALK-p.G1202R;.-ALK-胰腺神经内分泌瘤,,,CancerCell
CancerCell:ALK-p.C1156Y;.-ALK-胰腺神经内分泌瘤,ALK-p.C1156Y;.-ALK-胰腺神经内分泌瘤,,,CancerCell
CancerCell:FGFR2-SKI-胰腺神经内分泌瘤,FGFR2-SKI-胰腺神经内分泌瘤,,,CancerCell
CancerCell:FGFR3-TACC3-胰腺神经内分泌瘤,FGFR3-TACC3-胰腺神经内分泌瘤,,,CancerCell
CancerCell:FGFR2-TACC3-胰腺神经内分泌瘤,FGFR2-TACC3-胰腺神经内分泌瘤,,,CancerCell
CancerCell:FGFR2-CLIP1-胰腺神经内分泌瘤,FGFR2-CLIP1-胰腺神经内分泌瘤,,,CancerCell
CancerCell:FGFR2-SHTN1-胰腺神经内分泌瘤,FGFR2-SHTN1-胰腺神经内分泌瘤,,,CancerCell
CancerCell:.-FGFR1-胰腺神经内分泌瘤,.-FGFR1-胰腺神经内分泌瘤,,,CancerCell
CancerCell:ALK-p.L1196M;.-ALK-黑色素瘤,ALK-p.L1196M;.-ALK-黑色素瘤,,,CancerCell
CancerCell:ALK-p.L1198F;.-ALK-黑色素瘤,ALK-p.L1198F;.-ALK-黑色素瘤,,,CancerCell
CancerCell:ALK-p.G1202R;.-ALK-黑色素瘤,ALK-p.G1202R;.-ALK-黑色素瘤,,,CancerCell
CancerCell:ALK-p.C1156Y;.-ALK-黑色素瘤,ALK-p.C1156Y;.-ALK-黑色素瘤,,,CancerCell
CancerCell:FGFR2-SKI-黑色素瘤,FGFR2-SKI-黑色素瘤,,,CancerCell
CancerCell:FGFR3-TACC3-黑色素瘤,FGFR3-TACC3-黑色素瘤,,,CancerCell
CancerCell:FGFR2-TACC3-黑色素瘤,FGFR2-TACC3-黑色素瘤,,,CancerCell
CancerCell:FGFR2-CLIP1-黑色素瘤,FGFR2-CLIP1-黑色素瘤,,,CancerCell
CancerCell:FGFR2-SHTN1-黑色素瘤,FGFR2-SHTN1-黑色素瘤,,,CancerCell
CancerCell:.-FGFR1-黑色素瘤,.-FGFR1-黑色素瘤,,,CancerCell
Cancer:炎性肌纤维母细胞瘤,inflammatory myofibroblastic tumor,,,Cancer
CancerCell:ALK-p.L1196M;.-ALK-炎性肌纤维母细胞瘤,ALK-p.L1196M;.-ALK-炎性肌纤维母细胞瘤,,,CancerCell
CancerCell:ALK-p.L1198F;.-ALK-炎性肌纤维母细胞瘤,ALK-p.L1198F;.-ALK-炎性肌纤维母细胞瘤,,,CancerCell
CancerCell:ALK-p.G1202R;.-ALK-炎性肌纤维母细胞瘤,ALK-p.G1202R;.-ALK-炎性肌纤维母细胞瘤,,,CancerCell
CancerCell:ALK-p.C1156Y;.-ALK-炎性肌纤维母细胞瘤,ALK-p.C1156Y;.-ALK-炎性肌纤维母细胞瘤,,,CancerCell
CancerCell:FGFR2-SKI-炎性肌纤维母细胞瘤,FGFR2-SKI-炎性肌纤维母细胞瘤,,,CancerCell
CancerCell:FGFR3-TACC3-炎性肌纤维母细胞瘤,FGFR3-TACC3-炎性肌纤维母细胞瘤,,,CancerCell
CancerCell:FGFR2-TACC3-炎性肌纤维母细胞瘤,FGFR2-TACC3-炎性肌纤维母细胞瘤,,,CancerCell
CancerCell:FGFR2-CLIP1-炎性肌纤维母细胞瘤,FGFR2-CLIP1-炎性肌纤维母细胞瘤,,,CancerCell
CancerCell:FGFR2-SHTN1-炎性肌纤维母细胞瘤,FGFR2-SHTN1-炎性肌纤维母细胞瘤,,,CancerCell
CancerCell:.-FGFR1-炎性肌纤维母细胞瘤,.-FGFR1-炎性肌纤维母细胞瘤,,,CancerCell
Cancer:软组织肿瘤,soft tissue cancer,,,Cancer
CancerCell:ALK-p.L1196M;.-ALK-软组织肿瘤,ALK-p.L1196M;.-ALK-软组织肿瘤,,,CancerCell
CancerCell:ALK-p.L1198F;.-ALK-软组织肿瘤,ALK-p.L1198F;.-ALK-软组织肿瘤,,,CancerCell
CancerCell:ALK-p.G1202R;.-ALK-软组织肿瘤,ALK-p.G1202R;.-ALK-软组织肿瘤,,,CancerCell
CancerCell:ALK-p.C1156Y;.-ALK-软组织肿瘤,ALK-p.C1156Y;.-ALK-软组织肿瘤,,,CancerCell
CancerCell:FGFR2-SKI-软组织肿瘤,FGFR2-SKI-软组织肿瘤,,,CancerCell
CancerCell:FGFR3-TACC3-软组织肿瘤,FGFR3-TACC3-软组织肿瘤,,,CancerCell
CancerCell:FGFR2-TACC3-软组织肿瘤,FGFR2-TACC3-软组织肿瘤,,,CancerCell
CancerCell:FGFR2-CLIP1-软组织肿瘤,FGFR2-CLIP1-软组织肿瘤,,,CancerCell
CancerCell:FGFR2-SHTN1-软组织肿瘤,FGFR2-SHTN1-软组织肿瘤,,,CancerCell
CancerCell:.-FGFR1-软组织肿瘤,.-FGFR1-软组织肿瘤,,,CancerCell
Cancer:心脏粘液瘤,cardiac myxoma cancer,,,Cancer
CancerCell:KRAS-wildtype-结肠癌,KRAS-wildtype-结肠癌,,,CancerCell
Drug:呋喹替尼,fruquintinib,NO,YES,Drug
CancerCell:EGFR-p.L861R;EGFR-p.G719A-肺癌,EGFR-p.L861R;EGFR-p.G719A-肺癌,,,CancerCell
CancerCell:ERBB2-Amp;ERBB2-p.E401G-肺癌,ERBB2-Amp;ERBB2-p.E401G-肺癌,,,CancerCell
CancerCell:ALK-p.L1196M;.-ALK-肺癌,ALK-p.L1196M;.-ALK-肺癌,,,CancerCell
CancerCell:MET-skipping_mut;MET-p.L1195V-肺癌,MET-skipping_mut;MET-p.L1195V-肺癌,,,CancerCell
CancerCell:CSF1R-p.Y546_K551del-肺癌,CSF1R-p.Y546_K551del-肺癌,,,CancerCell
CancerCell:MET-skipping_mut;MET-p.D1228N-肺癌,MET-skipping_mut;MET-p.D1228N-肺癌,,,CancerCell
CancerCell:CSF1R-p.W450_E456del-肺癌,CSF1R-p.W450_E456del-肺癌,,,CancerCell
CancerCell:JAK2-p.V617F-肺癌,JAK2-p.V617F-肺癌,,,CancerCell
CancerCell:ALK-p.L1198F;.-ALK-肺癌,ALK-p.L1198F;.-ALK-肺癌,,,CancerCell
ClinicalTrial:CTR20221666,CTR20221666,,,ClinicalTrial
ClinicalTrial:CTR20221475,CTR20221475,,,ClinicalTrial
ClinicalTrial:CTR20221453,CTR20221453,,,ClinicalTrial
ClinicalTrial:CTR20221470,CTR20221470,,,ClinicalTrial
ClinicalTrial:CTR20221003,CTR20221003,,,ClinicalTrial
ClinicalTrial:CTR20191996,CTR20191996,,,ClinicalTrial
ClinicalTrial:CTR20192083,CTR20192083,,,ClinicalTrial
ClinicalTrial:CTR20130169,CTR20130169,,,ClinicalTrial
ClinicalTrial:CTR20131423,CTR20131423,,,ClinicalTrial
ClinicalTrial:CTR20131488,CTR20131488,,,ClinicalTrial
CancerCell:ALK-p.F1174V-肺基底细胞样大细胞癌,ALK-p.F1174V-肺基底细胞样大细胞癌,,,CancerCell
CancerCell:ALK-p.F1245C-肺基底细胞样大细胞癌,ALK-p.F1245C-肺基底细胞样大细胞癌,,,CancerCell
CancerCell:EML4-ALK-肺基底细胞样大细胞癌,EML4-ALK-肺基底细胞样大细胞癌,,,CancerCell
CancerCell:ALK-p.C1156Y-肺基底细胞样大细胞癌,ALK-p.C1156Y-肺基底细胞样大细胞癌,,,CancerCell
ClinicalTrial:CTR20212727,CTR20212727,,,ClinicalTrial
Cancer:食管腺癌,esophageal adenocarcinoma,,,Cancer
ClinicalTrial:CTR20212728,CTR20212728,,,ClinicalTrial
ClinicalTrial:NCT04460937,NCT04460937,,,ClinicalTrial
ClinicalTrial:NCT04171141,NCT04171141,,,ClinicalTrial
ClinicalTrial:NCT00098527,NCT00098527,,,ClinicalTrial
ClinicalTrial:NCT00033657,NCT00033657,,,ClinicalTrial
ClinicalTrial:NCT03982173,NCT03982173,,,ClinicalTrial
ClinicalTrial:NCT02962063,NCT02962063,,,ClinicalTrial
ClinicalTrial:NCT01178944,NCT01178944,,,ClinicalTrial
ClinicalTrial:NCT04060342,NCT04060342,,,ClinicalTrial
Drug:舒沃替尼,sunvozertinib,NO,YES,Drug
Genesymbol:ERBB2,ERBB2,,,Genesymbol
Drug:吉非替尼,gefitinib,YES,YES,Drug
Drug:ARX788,ARX788,NA,NA,Drug
Drug:212Pb-TCMC-Trastuzumab,212Pb-TCMC-Trastuzumab,NO,NO,Drug
Drug:BAT8001,BAT8001,NO,NO,Drug
Drug:HER2 CAR-T cells,HER2 CAR-T cells,NO,NO,Drug
Drug:德曲妥珠单抗,fam-trastuzumab deruxtecan-nxki,YES,YES,Drug
Drug:维迪西妥单抗,disitamab vedotin,NO,YES,Drug
Drug:TAA013,TAA013,NA,NA,Drug
Drug:BB-1701,BB-1701,NA,NA,Drug
ClinicalTrial:CTR20221658,CTR20221658,,,ClinicalTrial
ClinicalTrial:CTR20221554,CTR20221554,,,ClinicalTrial
ClinicalTrial:CTR20221538,CTR20221538,,,ClinicalTrial
ClinicalTrial:CTR20221537,CTR20221537,,,ClinicalTrial
ClinicalTrial:CTR20221466,CTR20221466,,,ClinicalTrial
ClinicalTrial:CTR20221452,CTR20221452,,,ClinicalTrial
ClinicalTrial:CTR20221327,CTR20221327,,,ClinicalTrial
ClinicalTrial:CTR20221165,CTR20221165,,,ClinicalTrial
ClinicalTrial:CTR20221281,CTR20221281,,,ClinicalTrial
ClinicalTrial:CTR20221708,CTR20221708,,,ClinicalTrial
ClinicalTrial:CTR20190293,CTR20190293,,,ClinicalTrial
ClinicalTrial:CTR20200549,CTR20200549,,,ClinicalTrial
ClinicalTrial:CTR20132279,CTR20132279,,,ClinicalTrial
ClinicalTrial:CTR20132935,CTR20132935,,,ClinicalTrial
ClinicalTrial:CTR20140023,CTR20140023,,,ClinicalTrial
ClinicalTrial:CTR20140308,CTR20140308,,,ClinicalTrial
ClinicalTrial:CTR20140315,CTR20140315,,,ClinicalTrial
ClinicalTrial:CTR20150149,CTR20150149,,,ClinicalTrial
ClinicalTrial:CTR20150343,CTR20150343,,,ClinicalTrial
ClinicalTrial:CTR20170196,CTR20170196,,,ClinicalTrial
ClinicalTrial:CTR20221465,CTR20221465,,,ClinicalTrial
ClinicalTrial:CTR20132352,CTR20132352,,,ClinicalTrial
ClinicalTrial:CTR20210952,CTR20210952,,,ClinicalTrial
ClinicalTrial:CTR20211998,CTR20211998,,,ClinicalTrial
ClinicalTrial:CTR20130586,CTR20130586,,,ClinicalTrial
ClinicalTrial:CTR20201543,CTR20201543,,,ClinicalTrial
ClinicalTrial:CTR20131408,CTR20131408,,,ClinicalTrial
ClinicalTrial:CTR20140041,CTR20140041,,,ClinicalTrial
ClinicalTrial:CTR20140850,CTR20140850,,,ClinicalTrial
ClinicalTrial:CTR20140851,CTR20140851,,,ClinicalTrial
Cancer:卵巢癌,ovarian carcinoma,,,Cancer
CancerCell:ERBB2-Amp;ERBB2-p.E401G-卵巢癌,ERBB2-Amp;ERBB2-p.E401G-卵巢癌,,,CancerCell
CancerCell:ALK-p.L1196M;.-ALK-卵巢癌,ALK-p.L1196M;.-ALK-卵巢癌,,,CancerCell
CancerCell:MET-skipping_mut;MET-p.L1195V-卵巢癌,MET-skipping_mut;MET-p.L1195V-卵巢癌,,,CancerCell
CancerCell:CSF1R-p.Y546_K551del-卵巢癌,CSF1R-p.Y546_K551del-卵巢癌,,,CancerCell
CancerCell:MET-skipping_mut;MET-p.D1228N-卵巢癌,MET-skipping_mut;MET-p.D1228N-卵巢癌,,,CancerCell
CancerCell:CSF1R-p.W450_E456del-卵巢癌,CSF1R-p.W450_E456del-卵巢癌,,,CancerCell
CancerCell:ALK-p.L1198F;.-ALK-卵巢癌,ALK-p.L1198F;.-ALK-卵巢癌,,,CancerCell
CancerCell:JAK2-p.V617F-卵巢癌,JAK2-p.V617F-卵巢癌,,,CancerCell
CancerCell:FLT3-p.D835Y-卵巢癌,FLT3-p.D835Y-卵巢癌,,,CancerCell
CancerCell:ALK-p.G1202R;.-ALK-卵巢癌,ALK-p.G1202R;.-ALK-卵巢癌,,,CancerCell
CancerCell:EGFR-p.L861R;EGFR-p.G719A-肾癌,EGFR-p.L861R;EGFR-p.G719A-肾癌,,,CancerCell
CancerCell:ERBB2-Amp;ERBB2-p.E401G-肾癌,ERBB2-Amp;ERBB2-p.E401G-肾癌,,,CancerCell
CancerCell:ALK-p.L1196M;.-ALK-肾癌,ALK-p.L1196M;.-ALK-肾癌,,,CancerCell
CancerCell:MET-skipping_mut;MET-p.L1195V-肾癌,MET-skipping_mut;MET-p.L1195V-肾癌,,,CancerCell
CancerCell:CSF1R-p.Y546_K551del-肾癌,CSF1R-p.Y546_K551del-肾癌,,,CancerCell
CancerCell:MET-skipping_mut;MET-p.D1228N-肾癌,MET-skipping_mut;MET-p.D1228N-肾癌,,,CancerCell
CancerCell:CSF1R-p.W450_E456del-肾癌,CSF1R-p.W450_E456del-肾癌,,,CancerCell
CancerCell:JAK2-p.V617F-肾癌,JAK2-p.V617F-肾癌,,,CancerCell
CancerCell:ALK-p.L1198F;.-ALK-肾癌,ALK-p.L1198F;.-ALK-肾癌,,,CancerCell
CancerCell:EGFR-p.L861R;EGFR-p.G719A-子宫内膜癌,EGFR-p.L861R;EGFR-p.G719A-子宫内膜癌,,,CancerCell
CancerCell:ERBB2-Amp;ERBB2-p.E401G-子宫内膜癌,ERBB2-Amp;ERBB2-p.E401G-子宫内膜癌,,,CancerCell
CancerCell:ALK-p.L1196M;.-ALK-子宫内膜癌,ALK-p.L1196M;.-ALK-子宫内膜癌,,,CancerCell
CancerCell:MET-skipping_mut;MET-p.L1195V-子宫内膜癌,MET-skipping_mut;MET-p.L1195V-子宫内膜癌,,,CancerCell
CancerCell:CSF1R-p.Y546_K551del-子宫内膜癌,CSF1R-p.Y546_K551del-子宫内膜癌,,,CancerCell
CancerCell:MET-skipping_mut;MET-p.D1228N-子宫内膜癌,MET-skipping_mut;MET-p.D1228N-子宫内膜癌,,,CancerCell
CancerCell:CSF1R-p.W450_E456del-子宫内膜癌,CSF1R-p.W450_E456del-子宫内膜癌,,,CancerCell
CancerCell:JAK2-p.V617F-子宫内膜癌,JAK2-p.V617F-子宫内膜癌,,,CancerCell
CancerCell:ALK-p.L1198F;.-ALK-子宫内膜癌,ALK-p.L1198F;.-ALK-子宫内膜癌,,,CancerCell
Cancer:小细胞肺癌,small cell lung cancer,,,Cancer
CancerCell:ERBB2-Amp;ERBB2-p.E401G-小细胞肺癌,ERBB2-Amp;ERBB2-p.E401G-小细胞肺癌,,,CancerCell
CancerCell:ALK-p.L1196M;.-ALK-小细胞肺癌,ALK-p.L1196M;.-ALK-小细胞肺癌,,,CancerCell
CancerCell:MET-skipping_mut;MET-p.L1195V-小细胞肺癌,MET-skipping_mut;MET-p.L1195V-小细胞肺癌,,,CancerCell
CancerCell:CSF1R-p.Y546_K551del-小细胞肺癌,CSF1R-p.Y546_K551del-小细胞肺癌,,,CancerCell
CancerCell:MET-skipping_mut;MET-p.D1228N-小细胞肺癌,MET-skipping_mut;MET-p.D1228N-小细胞肺癌,,,CancerCell
CancerCell:CSF1R-p.W450_E456del-小细胞肺癌,CSF1R-p.W450_E456del-小细胞肺癌,,,CancerCell
CancerCell:ALK-p.L1198F;.-ALK-小细胞肺癌,ALK-p.L1198F;.-ALK-小细胞肺癌,,,CancerCell
CancerCell:JAK2-p.V617F-小细胞肺癌,JAK2-p.V617F-小细胞肺癌,,,CancerCell
CancerCell:FLT3-p.D835Y-小细胞肺癌,FLT3-p.D835Y-小细胞肺癌,,,CancerCell
CancerCell:ALK-p.G1202R;.-ALK-小细胞肺癌,ALK-p.G1202R;.-ALK-小细胞肺癌,,,CancerCell
CancerCell:EGFR-p.L861R;EGFR-p.G719A-乳腺癌,EGFR-p.L861R;EGFR-p.G719A-乳腺癌,,,CancerCell
CancerCell:ERBB2-Amp;ERBB2-p.E401G-乳腺癌,ERBB2-Amp;ERBB2-p.E401G-乳腺癌,,,CancerCell
CancerCell:ALK-p.L1196M;.-ALK-乳腺癌,ALK-p.L1196M;.-ALK-乳腺癌,,,CancerCell
CancerCell:MET-skipping_mut;MET-p.L1195V-乳腺癌,MET-skipping_mut;MET-p.L1195V-乳腺癌,,,CancerCell
CancerCell:CSF1R-p.Y546_K551del-乳腺癌,CSF1R-p.Y546_K551del-乳腺癌,,,CancerCell
CancerCell:MET-skipping_mut;MET-p.D1228N-乳腺癌,MET-skipping_mut;MET-p.D1228N-乳腺癌,,,CancerCell
CancerCell:CSF1R-p.W450_E456del-乳腺癌,CSF1R-p.W450_E456del-乳腺癌,,,CancerCell
CancerCell:JAK2-p.V617F-乳腺癌,JAK2-p.V617F-乳腺癌,,,CancerCell
CancerCell:ALK-p.L1198F;.-ALK-乳腺癌,ALK-p.L1198F;.-ALK-乳腺癌,,,CancerCell
ClinicalTrial:NCT02216149,NCT02216149,,,ClinicalTrial
Cancer:小肠癌,small bowel cancer,,,Cancer
ClinicalTrial:NCT03771508,NCT03771508,,,ClinicalTrial
ClinicalTrial:NCT00004904,NCT00004904,,,ClinicalTrial
ClinicalTrial:NCT00004895,NCT00004895,,,ClinicalTrial
ClinicalTrial:NCT00445497,NCT00445497,,,ClinicalTrial
ClinicalTrial:NCT00031941,NCT00031941,,,ClinicalTrial
ClinicalTrial:NCT00079261,NCT00079261,,,ClinicalTrial
ClinicalTrial:NCT00433550,NCT00433550,,,ClinicalTrial
ClinicalTrial:NCT04257461,NCT04257461,,,ClinicalTrial
ClinicalTrial:NCT00004922,NCT00004922,,,ClinicalTrial
Cancer:原发灶不明癌,cancer of unknown primary,,,Cancer
ClinicalTrial:NCT01609855,NCT01609855,,,ClinicalTrial
ClinicalTrial:NCT02186847,NCT02186847,,,ClinicalTrial
ClinicalTrial:NCT00032123,NCT00032123,,,ClinicalTrial
ClinicalTrial:NCT00040859,NCT00040859,,,ClinicalTrial
ClinicalTrial:NCT00075465,NCT00075465,,,ClinicalTrial
ClinicalTrial:NCT02426034,NCT02426034,,,ClinicalTrial
ClinicalTrial:NCT03431948,NCT03431948,,,ClinicalTrial
ClinicalTrial:NCT01122199,NCT01122199,,,ClinicalTrial
ClinicalTrial:NCT00289445,NCT00289445,,,ClinicalTrial
ClinicalTrial:NCT01125046,NCT01125046,,,ClinicalTrial
Cancer:室管膜瘤,ependymoma cancer,,,Cancer
ClinicalTrial:NCT00095940,NCT00095940,,,ClinicalTrial
ClinicalTrial:NCT02359565,NCT02359565,,,ClinicalTrial
ClinicalTrial:NCT03501979,NCT03501979,,,ClinicalTrial
Cancer:脑膜瘤,meningioma cancer,,,Cancer
ClinicalTrial:NCT01596127,NCT01596127,,,ClinicalTrial
ClinicalTrial:NCT04595786,NCT04595786,,,ClinicalTrial
ClinicalTrial:NCT03257124,NCT03257124,,,ClinicalTrial
ClinicalTrial:NCT04425681,NCT04425681,,,ClinicalTrial
ClinicalTrial:NCT01563614,NCT01563614,,,ClinicalTrial
ClinicalTrial:NCT04386642,NCT04386642,,,ClinicalTrial
ClinicalTrial:NCT02831257,NCT02831257,,,ClinicalTrial
ClinicalTrial:NCT02234050,NCT02234050,,,ClinicalTrial
Drug:信迪利单抗,sintilimab,NO,YES,Drug
Cancer:食管鳞状细胞癌,esophageal squamous cell carcinoma,,,Cancer
Drug:伊匹木单抗,ipilimumab,YES,YES,Drug
Drug:特瑞普利单抗,toripalimab,NO,YES,Drug
Drug:替雷利珠单抗,tislelizumab,NO,YES,Drug
Drug:卡瑞利珠单抗,camrelizumab,NO,YES,Drug
Drug:debio 1347,debio 1347,NO,NO,Drug
CancerCell:FGFR2-p.H167_N173del-胆管癌,FGFR2-p.H167_N173del-胆管癌,,,CancerCell
SnvFull:FGFR2-p.H167_N173del,FGFR2-p.H167_N173del,,,SnvFull
CancerCell:FGFR2-p.H167_N173del-胆道癌,FGFR2-p.H167_N173del-胆道癌,,,CancerCell
ClinicalTrial:NCT01256385,NCT01256385,,,ClinicalTrial
Cancer:口腔癌,oral carcinoma,,,Cancer
ClinicalTrial:NCT01552434,NCT01552434,,,ClinicalTrial
ClinicalTrial:NCT00103259,NCT00103259,,,ClinicalTrial
ClinicalTrial:NCT01332279,NCT01332279,,,ClinicalTrial
ClinicalTrial:NCT00397384,NCT00397384,,,ClinicalTrial
ClinicalTrial:NCT00031681,NCT00031681,,,ClinicalTrial
ClinicalTrial:NCT00064103,NCT00064103,,,ClinicalTrial
ClinicalTrial:NCT00099021,NCT00099021,,,ClinicalTrial
ClinicalTrial:NCT01238185,NCT01238185,,,ClinicalTrial
ClinicalTrial:NCT03435952,NCT03435952,,,ClinicalTrial
ClinicalTrial:NCT02496208,NCT02496208,,,ClinicalTrial
Cancer:肾髓样癌,renal medullary carcinoma,,,Cancer
ClinicalTrial:NCT00334815,NCT00334815,,,ClinicalTrial
Cancer:肺腺鳞癌,lung adenosquamous carcinoma,,,Cancer
ClinicalTrial:NCT02264210,NCT02264210,,,ClinicalTrial
ClinicalTrial:NCT00040794,NCT00040794,,,ClinicalTrial
ClinicalTrial:NCT00118183,NCT00118183,,,ClinicalTrial
ClinicalTrial:CTR20212588,CTR20212588,,,ClinicalTrial
ClinicalTrial:CTR20130061,CTR20130061,,,ClinicalTrial
ClinicalTrial:CTR20131898,CTR20131898,,,ClinicalTrial
ClinicalTrial:CTR20200594,CTR20200594,,,ClinicalTrial
ClinicalTrial:CTR20131232,CTR20131232,,,ClinicalTrial
ClinicalTrial:CTR20201923,CTR20201923,,,ClinicalTrial
ClinicalTrial:CTR20132320,CTR20132320,,,ClinicalTrial
ClinicalTrial:CTR20150626,CTR20150626,,,ClinicalTrial
ClinicalTrial:CTR20160052,CTR20160052,,,ClinicalTrial
ClinicalTrial:CTR20171139,CTR20171139,,,ClinicalTrial
ClinicalTrial:CTR20201949,CTR20201949,,,ClinicalTrial
Cancer:阴茎癌,penis cancer,,,Cancer
ClinicalTrial:NCT00058448,NCT00058448,,,ClinicalTrial
ClinicalTrial:NCT00955929,NCT00955929,,,ClinicalTrial
ClinicalTrial:NCT03427411,NCT03427411,,,ClinicalTrial
ClinicalTrial:NCT04231981,NCT04231981,,,ClinicalTrial
Cancer:腹膜癌,peritoneum cancer,,,Cancer
ClinicalTrial:CTR20190652,CTR20190652,,,ClinicalTrial
ClinicalTrial:CTR20180569,CTR20180569,,,ClinicalTrial
ClinicalTrial:CTR20190329,CTR20190329,,,ClinicalTrial
ClinicalTrial:CTR20190332,CTR20190332,,,ClinicalTrial
ClinicalTrial:CTR20211176,CTR20211176,,,ClinicalTrial
ClinicalTrial:CTR20170612,CTR20170612,,,ClinicalTrial
ClinicalTrial:CTR20171512,CTR20171512,,,ClinicalTrial
ClinicalTrial:CTR20191305,CTR20191305,,,ClinicalTrial
Drug:卡非佐米,carfilzomib,YES,NO,Drug
Genesymbol:PSMC5,PSMC5,,,Genesymbol
Drug:阿比特龙,abiraterone,YES,YES,Drug
Genesymbol:AR,AR,,,Genesymbol
Drug:TAS3681,TAS3681,NO,NO,Drug
Drug:TRC253,TRC253,NO,NO,Drug
Drug:EZN-4176,EZN-4176,NO,NO,Drug
Drug:阿帕他胺,apalutamide,YES,YES,Drug
Drug:ARV-110,ARV-110,NO,NO,Drug
Drug:比卡鲁胺,bicalutamide,YES,YES,Drug
Drug:CC-94676,CC-94676,NO,NO,Drug
Drug:环丙孕酮,cyproterone,NO,YES,Drug
Drug:danazol,danazol,NO,NO,Drug
Genesymbol:PIK3CA,PIK3CA,,,Genesymbol
Drug:SRX3207,SRX3207,NO,NO,Drug
Drug:HS-10352,HS-10352,NO,NO,Drug
Drug:rigosertib,rigosertib,NO,NO,Drug
Drug:VS-5584,VS-5584,NO,NO,Drug
Drug:Deguelin,deguelin,NO,NO,Drug
Drug:pictilisib,pictilisib,NO,NO,Drug
Drug:AMG 511,amg 511,NO,NO,Drug
Drug:WX-037,WX-037,NO,NO,Drug
Drug:SF1126,SF1126,NO,NO,Drug
Drug:AMGMDS3,AMGMDS3,NO,NO,Drug
Genesymbol:TP53,TP53,,,Genesymbol
Drug:vorasidenib,vorasidenib,NO,NO,Drug
Genesymbol:IDH1,IDH1,,,Genesymbol
Drug:AG-881,AG-881,NA,NA,Drug
Drug:AGI-5198,AGI-5198,NO,NO,Drug
Drug:BAY1436032,BAY1436032,NO,NO,Drug
Drug:DS-1001b,DS-1001b,NO,NO,Drug
Drug:GSK864,GSK864,NO,NO,Drug
Drug:HMPL-306,HMPL-306,NO,NO,Drug
Drug:IDH305,IDH305,NO,NO,Drug
Drug:艾伏尼布,ivosidenib,YES,YES,Drug
Drug:LY3410738,LY3410738,NO,NO,Drug
Genesymbol:EGFR,EGFR,,,Genesymbol
Drug:abivertinib,abivertinib,NO,NO,Drug
Drug:EGFR806-specific CAR T cells,EGFR806-specific CAR T cells,NO,NO,Drug
Drug:hemay022,hemay022,NO,NO,Drug
Drug:WZ4002,WZ4002,NO,NO,Drug
Drug:PLB1004,PLB1004,NO,NO,Drug
Drug:贝福替尼,befotertinib,NO,YES,Drug
Drug:depatuxizumab mafodotin,depatuxizumab mafodotin,NO,NO,Drug
Drug:ADC2122,ADC2122,NA,NA,Drug
Drug:EGFR-targeted and doxorubicin-loaded EDV,EGFR-targeted and doxorubicin-loaded EDV,NA,NA,Drug
GeneticDisease:雄激素不敏感综合征,Androgen Insensitivity Syndrome,,,GeneticDisease
Genesymbol:PPM1D,PPM1D,,,Genesymbol
Genesymbol:SLC37A4,SLC37A4,,,Genesymbol
GeneticDisease:ⅠB型糖原贮积病,Glycogen Storage Disease,,,GeneticDisease
Genesymbol:PKD1,PKD1,,,Genesymbol
GeneticDisease:多囊肾病1型,Polycystic Kidney Disease 1,,,GeneticDisease
Genesymbol:BRCA1,BRCA1,,,Genesymbol
GeneticDisease:半乳糖血症,Galactosemia,,,GeneticDisease
SnvFull:MET-p.D1230N,MET-p.D1230N,,,SnvFull
CancerCell:MET-p.D1230N-胸壁肿瘤,MET-p.D1230N-胸壁肿瘤,,,CancerCell
CancerCell:MET-p.D1230N-巨球蛋白血症(WM),MET-p.D1230N-巨球蛋白血症(WM),,,CancerCell
Cancer:巨球蛋白血症(WM),waldenstrom macroglobulinemia (wm),,,Cancer
CancerCell:BRAF-p.D594N-巨球蛋白血症(WM),BRAF-p.D594N-巨球蛋白血症(WM),,,CancerCell
CancerCell:PDGFRA-p.N659K-巨球蛋白血症(WM),PDGFRA-p.N659K-巨球蛋白血症(WM),,,CancerCell
CancerCell:BRAF-p.G606E-巨球蛋白血症(WM),BRAF-p.G606E-巨球蛋白血症(WM),,,CancerCell
CancerCell:KIT-p.D816V-巨球蛋白血症(WM),KIT-p.D816V-巨球蛋白血症(WM),,,CancerCell
CancerCell:FGFR2-p.E566G-巨球蛋白血症(WM),FGFR2-p.E566G-巨球蛋白血症(WM),,,CancerCell
Cancer:胸壁肿瘤,chest wall tumors,,,Cancer
CancerCell:MET-p.D1230N-胰腺囊性肿瘤,MET-p.D1230N-胰腺囊性肿瘤,,,CancerCell
Cancer:胰腺囊性肿瘤,cystic tumor of the pancreas,,,Cancer
CancerCell:MET-p.D1230N-鞍区肿瘤,MET-p.D1230N-鞍区肿瘤,,,CancerCell
Cancer:鞍区肿瘤,sellar tumor,,,Cancer
CancerCell:MET-p.D1230N-巨细胞肺癌,MET-p.D1230N-巨细胞肺癌,,,CancerCell
CancerCell:MET-p.D1230N-小细胞胆囊癌,MET-p.D1230N-小细胞胆囊癌,,,CancerCell
CancerAlias:小细胞胆囊癌,small cell gallbladder cancer,,,CancerAlias
CancerCell:MET-p.D1230N-原发性骨髓纤维化,MET-p.D1230N-原发性骨髓纤维化,,,CancerCell
Cancer:原发性骨髓纤维化,primary myelofibrosis cancer,,,Cancer
CancerCell:MET-p.D1230N-胸膜癌,MET-p.D1230N-胸膜癌,,,CancerCell
Cancer:胸膜癌,pleura cancer,,,Cancer
CancerCell:MET-p.D1230N-盆腔肿瘤,MET-p.D1230N-盆腔肿瘤,,,CancerCell
CancerCell:MET-p.D1230N-子宫平滑肌肉瘤,MET-p.D1230N-子宫平滑肌肉瘤,,,CancerCell
Cancer:子宫平滑肌肉瘤,uterine leiomyosarcoma,,,Cancer
SnvFull:BRAF-p.D594N,BRAF-p.D594N,,,SnvFull
CancerCell:BRAF-p.D594N-胸壁肿瘤,BRAF-p.D594N-胸壁肿瘤,,,CancerCell
CancerCell:BRAF-p.D594N-胰腺囊性肿瘤,BRAF-p.D594N-胰腺囊性肿瘤,,,CancerCell
CancerCell:BRAF-p.D594N-鞍区肿瘤,BRAF-p.D594N-鞍区肿瘤,,,CancerCell
CancerCell:BRAF-p.D594N-巨细胞肺癌,BRAF-p.D594N-巨细胞肺癌,,,CancerCell
CancerCell:BRAF-p.D594N-小细胞胆囊癌,BRAF-p.D594N-小细胞胆囊癌,,,CancerCell
CancerCell:BRAF-p.D594N-原发性骨髓纤维化,BRAF-p.D594N-原发性骨髓纤维化,,,CancerCell
CancerCell:BRAF-p.D594N-胸膜癌,BRAF-p.D594N-胸膜癌,,,CancerCell
CancerCell:BRAF-p.D594N-盆腔肿瘤,BRAF-p.D594N-盆腔肿瘤,,,CancerCell
CancerCell:BRAF-p.D594N-子宫平滑肌肉瘤,BRAF-p.D594N-子宫平滑肌肉瘤,,,CancerCell
SnvFull:PDGFRA-p.N659K,PDGFRA-p.N659K,,,SnvFull
CancerCell:PDGFRA-p.N659K-胸壁肿瘤,PDGFRA-p.N659K-胸壁肿瘤,,,CancerCell
CancerCell:PDGFRA-p.N659K-胰腺囊性肿瘤,PDGFRA-p.N659K-胰腺囊性肿瘤,,,CancerCell
CancerCell:PDGFRA-p.N659K-鞍区肿瘤,PDGFRA-p.N659K-鞍区肿瘤,,,CancerCell
CancerCell:PDGFRA-p.N659K-巨细胞肺癌,PDGFRA-p.N659K-巨细胞肺癌,,,CancerCell
CancerCell:PDGFRA-p.N659K-小细胞胆囊癌,PDGFRA-p.N659K-小细胞胆囊癌,,,CancerCell
CancerCell:PDGFRA-p.N659K-原发性骨髓纤维化,PDGFRA-p.N659K-原发性骨髓纤维化,,,CancerCell
CancerCell:PDGFRA-p.N659K-胸膜癌,PDGFRA-p.N659K-胸膜癌,,,CancerCell
CancerCell:PDGFRA-p.N659K-盆腔肿瘤,PDGFRA-p.N659K-盆腔肿瘤,,,CancerCell
CancerCell:PDGFRA-p.N659K-子宫平滑肌肉瘤,PDGFRA-p.N659K-子宫平滑肌肉瘤,,,CancerCell
SnvFull:EGFR-p.V834L,EGFR-p.V834L,,,SnvFull
CancerCell:EGFR-p.V834L;EGFR-p.L858R-非小细胞肺癌,EGFR-p.V834L;EGFR-p.L858R-非小细胞肺癌,,,CancerCell
CancerCell:EGFR-p.V834L;EGFR-p.L858R-肺癌,EGFR-p.V834L;EGFR-p.L858R-肺癌,,,CancerCell
CancerCell:EGFR-p.V834L;EGFR-p.L858R-分化差的非小细胞肺癌,EGFR-p.V834L;EGFR-p.L858R-分化差的非小细胞肺癌,,,CancerCell
CancerCell:EGFR-p.V834L;EGFR-p.L858R-肺横纹肌样表型大细胞癌,EGFR-p.V834L;EGFR-p.L858R-肺横纹肌样表型大细胞癌,,,CancerCell
CancerCell:EGFR-p.V834L;EGFR-p.L858R-肺腺样囊性癌,EGFR-p.V834L;EGFR-p.L858R-肺腺样囊性癌,,,CancerCell
CancerCell:EGFR-p.V834L;EGFR-p.L858R-巨细胞肺癌,EGFR-p.V834L;EGFR-p.L858R-巨细胞肺癌,,,CancerCell
CancerCell:EGFR-p.V834L;EGFR-p.L858R-肺黏液表皮样癌,EGFR-p.V834L;EGFR-p.L858R-肺黏液表皮样癌,,,CancerCell
CancerCell:EGFR-p.V834L;EGFR-p.L858R-大细胞肺癌,EGFR-p.V834L;EGFR-p.L858R-大细胞肺癌,,,CancerCell
Cancer:大细胞肺癌,large cell lung carcinoma,,,Cancer
CancerCell:EGFR-p.V834L;EGFR-p.L858R-肺鳞状细胞癌,EGFR-p.V834L;EGFR-p.L858R-肺鳞状细胞癌,,,CancerCell
Cancer:肺鳞状细胞癌,lung squamous cell carcinoma,,,Cancer
CancerCell:EGFR-p.V834L;EGFR-p.L858R-非鳞状非小细胞肺癌,EGFR-p.V834L;EGFR-p.L858R-非鳞状非小细胞肺癌,,,CancerCell
SnvFull:BRAF-p.G606E,BRAF-p.G606E,,,SnvFull
CancerCell:BRAF-p.G606E-胸壁肿瘤,BRAF-p.G606E-胸壁肿瘤,,,CancerCell
CancerCell:BRAF-p.G606E-胰腺囊性肿瘤,BRAF-p.G606E-胰腺囊性肿瘤,,,CancerCell
CancerCell:BRAF-p.G606E-鞍区肿瘤,BRAF-p.G606E-鞍区肿瘤,,,CancerCell
CancerCell:BRAF-p.G606E-巨细胞肺癌,BRAF-p.G606E-巨细胞肺癌,,,CancerCell
CancerCell:BRAF-p.G606E-小细胞胆囊癌,BRAF-p.G606E-小细胞胆囊癌,,,CancerCell
CancerCell:BRAF-p.G606E-原发性骨髓纤维化,BRAF-p.G606E-原发性骨髓纤维化,,,CancerCell
CancerCell:BRAF-p.G606E-胸膜癌,BRAF-p.G606E-胸膜癌,,,CancerCell
CancerCell:BRAF-p.G606E-盆腔肿瘤,BRAF-p.G606E-盆腔肿瘤,,,CancerCell
CancerCell:BRAF-p.G606E-子宫平滑肌肉瘤,BRAF-p.G606E-子宫平滑肌肉瘤,,,CancerCell
SnvFull:KIT-p.D816V,KIT-p.D816V,,,SnvFull
CancerCell:KIT-p.D816V-胸壁肿瘤,KIT-p.D816V-胸壁肿瘤,,,CancerCell
CancerCell:KIT-p.D816V-胰腺囊性肿瘤,KIT-p.D816V-胰腺囊性肿瘤,,,CancerCell
CancerCell:KIT-p.D816V-鞍区肿瘤,KIT-p.D816V-鞍区肿瘤,,,CancerCell
CancerCell:KIT-p.D816V-巨细胞肺癌,KIT-p.D816V-巨细胞肺癌,,,CancerCell
CancerCell:KIT-p.D816V-小细胞胆囊癌,KIT-p.D816V-小细胞胆囊癌,,,CancerCell
CancerCell:KIT-p.D816V-原发性骨髓纤维化,KIT-p.D816V-原发性骨髓纤维化,,,CancerCell
CancerCell:KIT-p.D816V-胸膜癌,KIT-p.D816V-胸膜癌,,,CancerCell
CancerCell:KIT-p.D816V-盆腔肿瘤,KIT-p.D816V-盆腔肿瘤,,,CancerCell
CancerCell:KIT-p.D816V-子宫平滑肌肉瘤,KIT-p.D816V-子宫平滑肌肉瘤,,,CancerCell
SnvFull:MAP2K1-p.C121S,MAP2K1-p.C121S,,,SnvFull
CancerCell:MAP2K1-p.C121S;BRAF-p.V600E-黑色素瘤,MAP2K1-p.C121S;BRAF-p.V600E-黑色素瘤,,,CancerCell
CancerCell:MAP2K1-p.C121S;BRAF-p.V600E-皮肤癌,MAP2K1-p.C121S;BRAF-p.V600E-皮肤癌,,,CancerCell
CancerCell:MAP2K1-p.C121S;BRAF-p.V600E-先天性痣,MAP2K1-p.C121S;BRAF-p.V600E-先天性痣,,,CancerCell
Cancer:先天性痣,congenital nevus cancer,,,Cancer
CancerCell:MAP2K1-p.C121S;BRAF-p.V600E-肢端黑色素瘤,MAP2K1-p.C121S;BRAF-p.V600E-肢端黑色素瘤,,,CancerCell
CancerCell:MAP2K1-p.C121S;BRAF-p.V600E-原发灶不明黑色素瘤,MAP2K1-p.C121S;BRAF-p.V600E-原发灶不明黑色素瘤,,,CancerCell
Cancer:原发灶不明黑色素瘤,melanoma of unknown primary,,,Cancer
CancerCell:MAP2K1-p.C121S;BRAF-p.V600E-皮肤黑色素瘤,MAP2K1-p.C121S;BRAF-p.V600E-皮肤黑色素瘤,,,CancerCell
CancerCell:MAP2K1-p.C121S;BRAF-p.V600E-黏膜黑色素瘤,MAP2K1-p.C121S;BRAF-p.V600E-黏膜黑色素瘤,,,CancerCell
Cancer:黏膜黑色素瘤,mucosal melanoma,,,Cancer
CancerCell:MAP2K1-p.C121S;BRAF-p.V600E-促结缔组织增生性黑色素瘤,MAP2K1-p.C121S;BRAF-p.V600E-促结缔组织增生性黑色素瘤,,,CancerCell
Cancer:促结缔组织增生性黑色素瘤,desmoplastic melanoma,,,Cancer
CancerCell:MAP2K1-p.C121S;BRAF-p.V600E-Spitz样黑色素瘤,MAP2K1-p.C121S;BRAF-p.V600E-Spitz样黑色素瘤,,,CancerCell
Cancer:Spitz样黑色素瘤,spitzoid melanoma,,,Cancer
CancerCell:MAP2K1-p.C121S;BRAF-p.V600E-恶性雀斑样痣黑色素瘤,MAP2K1-p.C121S;BRAF-p.V600E-恶性雀斑样痣黑色素瘤,,,CancerCell
Cancer:恶性雀斑样痣黑色素瘤,lentigo maligna melanoma,,,Cancer
Genesymbol:DHH,DHH,,,Genesymbol
GeneticDisease:Swyer综合征,Swyer syndrome,,,GeneticDisease
Genesymbol:ERCC2,ERCC2,,,Genesymbol
GeneticDisease:着色性干皮病,Xeroderma Pigmentosum,,,GeneticDisease
SnvFull:ERBB2-p.D769Y,ERBB2-p.D769Y,,,SnvFull
CancerCell:ERBB2-p.D769Y-膀胱/尿路癌,ERBB2-p.D769Y-膀胱/尿路癌,,,CancerCell
Drug:奈拉替尼,neratinib,YES,YES,Drug
CancerCell:ERBB2-p.D769Y-食管/胃癌,ERBB2-p.D769Y-食管/胃癌,,,CancerCell
CancerCell:ERBB2-p.D769Y-食管胃腺癌,ERBB2-p.D769Y-食管胃腺癌,,,CancerCell
CancerCell:EGFR-p.E709A;EGFR-p.G719A-肺涎腺型肿瘤,EGFR-p.E709A;EGFR-p.G719A-肺涎腺型肿瘤,,,CancerCell
CancerCell:EGFR-p.E709A;EGFR-p.G719A-肺基底细胞样大细胞癌,EGFR-p.E709A;EGFR-p.G719A-肺基底细胞样大细胞癌,,,CancerCell
CancerCell:EGFR-p.E709A;EGFR-p.G719A-肺透明细胞癌,EGFR-p.E709A;EGFR-p.G719A-肺透明细胞癌,,,CancerCell
CancerCell:EGFR-p.E709A;EGFR-p.G719A-肺梭形细胞癌,EGFR-p.E709A;EGFR-p.G719A-肺梭形细胞癌,,,CancerCell
CancerCell:EGFR-p.E709A;EGFR-p.G719A-肺纤毛黏液结节性乳头状肿瘤,EGFR-p.E709A;EGFR-p.G719A-肺纤毛黏液结节性乳头状肿瘤,,,CancerCell
CancerCell:EGFR-p.E709A;EGFR-p.G719A-鳞状非小细胞肺癌,EGFR-p.E709A;EGFR-p.G719A-鳞状非小细胞肺癌,,,CancerCell
CancerCell:EGFR-p.E709A;EGFR-p.G719A-肺多形性癌,EGFR-p.E709A;EGFR-p.G719A-肺多形性癌,,,CancerCell
CancerCell:EGFR-p.E709A;EGFR-p.G719A-非粘液性肺腺癌,EGFR-p.E709A;EGFR-p.G719A-非粘液性肺腺癌,,,CancerCell
CancerCell:EGFR-p.E709A;EGFR-p.G719A-肺腺癌,EGFR-p.E709A;EGFR-p.G719A-肺腺癌,,,CancerCell
CancerCell:EGFR-p.E709A;EGFR-p.G719A-肺淋巴上皮瘤样癌,EGFR-p.E709A;EGFR-p.G719A-肺淋巴上皮瘤样癌,,,CancerCell
SnvFull:ALK-p.I1171T,ALK-p.I1171T,,,SnvFull
CancerCell:ALK-p.I1171T-肺癌,ALK-p.I1171T-肺癌,,,CancerCell
CancerCell:ALK-p.I1171T-分化差的非小细胞肺癌,ALK-p.I1171T-分化差的非小细胞肺癌,,,CancerCell
CancerCell:ALK-p.I1171T-肺横纹肌样表型大细胞癌,ALK-p.I1171T-肺横纹肌样表型大细胞癌,,,CancerCell
CancerCell:ALK-p.I1171T-肺腺样囊性癌,ALK-p.I1171T-肺腺样囊性癌,,,CancerCell
CancerCell:ALK-p.I1171T-巨细胞肺癌,ALK-p.I1171T-巨细胞肺癌,,,CancerCell
CancerCell:ALK-p.I1171T-肺黏液表皮样癌,ALK-p.I1171T-肺黏液表皮样癌,,,CancerCell
CancerCell:ALK-p.I1171T-大细胞肺癌,ALK-p.I1171T-大细胞肺癌,,,CancerCell
CancerCell:ALK-p.I1171T-肺鳞状细胞癌,ALK-p.I1171T-肺鳞状细胞癌,,,CancerCell
CancerCell:ALK-p.I1171T-非鳞状非小细胞肺癌,ALK-p.I1171T-非鳞状非小细胞肺癌,,,CancerCell
CancerCell:ALK-p.I1171T-肺腺鳞癌,ALK-p.I1171T-肺腺鳞癌,,,CancerCell
SnvFull:NTRK3-p.G623R,NTRK3-p.G623R,,,SnvFull
CancerCell:NTRK3-p.G623R-唾液腺癌,NTRK3-p.G623R-唾液腺癌,,,CancerCell
CancerCell:NTRK3-p.G623R-头颈部肿瘤,NTRK3-p.G623R-头颈部肿瘤,,,CancerCell
SnvFull:BRAF-p.G466V,BRAF-p.G466V,,,SnvFull
CancerCell:BRAF-p.G466V-非小细胞肺癌,BRAF-p.G466V-非小细胞肺癌,,,CancerCell
Drug:曲美替尼,trametinib,YES,YES,Drug
CancerCell:BRAF-p.G466V-肺癌,BRAF-p.G466V-肺癌,,,CancerCell
Drug:维莫非尼,vemurafenib,YES,YES,Drug
CancerCell:BRAF-p.G466V-分化差的非小细胞肺癌,BRAF-p.G466V-分化差的非小细胞肺癌,,,CancerCell
CancerCell:BRAF-p.G466V-肺横纹肌样表型大细胞癌,BRAF-p.G466V-肺横纹肌样表型大细胞癌,,,CancerCell
CancerCell:BRAF-p.G466V-肺腺样囊性癌,BRAF-p.G466V-肺腺样囊性癌,,,CancerCell
CancerCell:BRAF-p.G466V-巨细胞肺癌,BRAF-p.G466V-巨细胞肺癌,,,CancerCell
CancerCell:BRAF-p.G466V-肺黏液表皮样癌,BRAF-p.G466V-肺黏液表皮样癌,,,CancerCell
CancerCell:BRAF-p.G466V-大细胞肺癌,BRAF-p.G466V-大细胞肺癌,,,CancerCell
CancerCell:BRAF-p.G466V-肺鳞状细胞癌,BRAF-p.G466V-肺鳞状细胞癌,,,CancerCell
Genesymbol:FLT3,FLT3,,,Genesymbol
CancerAlias:急性髓系白血病,acute myeloid leukemia,,,CancerAlias
Cancer:急性髓系白血病(AML),acute myeloid leukemia,,,Cancer
Cancer:高级别胶质瘤，非特定,high-grade glioma,,,Cancer
Drug:avelumab,avelumab,YES,NO,Drug
Cancer:Merkel细胞癌,merkel cell carcinoma,,,Cancer
Cancer:尿路上皮癌,urothelial carcinoma,,,Cancer
DrugAlias:proleukin,proleukin,,,DrugAlias
Cancer:腺泡状横纹肌肉瘤,alveolar rhabdomyosarcoma,,,Cancer
CancerCell:ALK-p.L1196M;.-ALK-腺泡状横纹肌肉瘤,ALK-p.L1196M;.-ALK-腺泡状横纹肌肉瘤,,,CancerCell
CancerCell:ALK-p.L1198F;.-ALK-腺泡状横纹肌肉瘤,ALK-p.L1198F;.-ALK-腺泡状横纹肌肉瘤,,,CancerCell
CancerCell:ALK-p.G1202R;.-ALK-腺泡状横纹肌肉瘤,ALK-p.G1202R;.-ALK-腺泡状横纹肌肉瘤,,,CancerCell
CancerCell:ALK-p.C1156Y;.-ALK-腺泡状横纹肌肉瘤,ALK-p.C1156Y;.-ALK-腺泡状横纹肌肉瘤,,,CancerCell
CancerCell:FGFR2-SKI-腺泡状横纹肌肉瘤,FGFR2-SKI-腺泡状横纹肌肉瘤,,,CancerCell
CancerCell:FGFR3-TACC3-腺泡状横纹肌肉瘤,FGFR3-TACC3-腺泡状横纹肌肉瘤,,,CancerCell
CancerCell:FGFR2-TACC3-腺泡状横纹肌肉瘤,FGFR2-TACC3-腺泡状横纹肌肉瘤,,,CancerCell
CancerCell:FGFR2-CLIP1-腺泡状横纹肌肉瘤,FGFR2-CLIP1-腺泡状横纹肌肉瘤,,,CancerCell
CancerCell:FGFR2-SHTN1-腺泡状横纹肌肉瘤,FGFR2-SHTN1-腺泡状横纹肌肉瘤,,,CancerCell
CancerCell:.-FGFR1-腺泡状横纹肌肉瘤,.-FGFR1-腺泡状横纹肌肉瘤,,,CancerCell
Genesymbol:FGFR3,FGFR3,,,Genesymbol
Genesymbol:SRC,SRC,,,Genesymbol
Drug:ponatinib,ponatinib,YES,NO,Drug
Cancer:慢性髓系白血病,chronic myelogenous leukemia,,,Cancer
Drug:贝伐珠单抗[贝达药业],bevacizumab[bettapharma],NO,YES,Drug
Drug:培美曲塞,pemetrexed,YES,YES,Drug
Drug:普拉替尼,pralsetinib,YES,YES,Drug
Drug:仑伐替尼,lenvatinib,YES,YES,Drug
Drug:塞普替尼,selpercatinib,YES,YES,Drug
Drug:安罗替尼,anlotinib,NO,YES,Drug
Genesymbol:NRAS,NRAS,,,Genesymbol
Genesymbol:BRAF,BRAF,,,Genesymbol
Drug:RO5126766,RO5126766,NO,NO,Drug
Drug:克唑替尼,crizotinib,YES,YES,Drug
CancerCell:ALK-p.L1196M;.-ALK-T淋巴细胞白血病/淋巴瘤,ALK-p.L1196M;.-ALK-T淋巴细胞白血病/淋巴瘤,,,CancerCell
CancerCell:ALK-p.L1198F;.-ALK-T淋巴细胞白血病/淋巴瘤,ALK-p.L1198F;.-ALK-T淋巴细胞白血病/淋巴瘤,,,CancerCell
CancerCell:ALK-p.G1202R;.-ALK-T淋巴细胞白血病/淋巴瘤,ALK-p.G1202R;.-ALK-T淋巴细胞白血病/淋巴瘤,,,CancerCell
CancerCell:ALK-p.C1156Y;.-ALK-T淋巴细胞白血病/淋巴瘤,ALK-p.C1156Y;.-ALK-T淋巴细胞白血病/淋巴瘤,,,CancerCell
CancerCell:FGFR2-SKI-T淋巴细胞白血病/淋巴瘤,FGFR2-SKI-T淋巴细胞白血病/淋巴瘤,,,CancerCell
CancerCell:FGFR3-TACC3-T淋巴细胞白血病/淋巴瘤,FGFR3-TACC3-T淋巴细胞白血病/淋巴瘤,,,CancerCell
CancerCell:FGFR2-TACC3-T淋巴细胞白血病/淋巴瘤,FGFR2-TACC3-T淋巴细胞白血病/淋巴瘤,,,CancerCell
CancerCell:FGFR2-CLIP1-T淋巴细胞白血病/淋巴瘤,FGFR2-CLIP1-T淋巴细胞白血病/淋巴瘤,,,CancerCell
CancerCell:FGFR2-SHTN1-T淋巴细胞白血病/淋巴瘤,FGFR2-SHTN1-T淋巴细胞白血病/淋巴瘤,,,CancerCell
CancerCell:.-FGFR1-T淋巴细胞白血病/淋巴瘤,.-FGFR1-T淋巴细胞白血病/淋巴瘤,,,CancerCell
Genesymbol:RET,RET,,,Genesymbol
CancerCell:ALK-p.G1269A;.-ALK-肺涎腺型肿瘤,ALK-p.G1269A;.-ALK-肺涎腺型肿瘤,,,CancerCell
SnvFull:ALK-p.G1269A,ALK-p.G1269A,,,SnvFull
CancerCell:ALK-p.G1269A;.-ALK-肺原位腺癌,ALK-p.G1269A;.-ALK-肺原位腺癌,,,CancerCell
CancerCell:ALK-p.G1269A;.-ALK-非粘液性肺腺癌,ALK-p.G1269A;.-ALK-非粘液性肺腺癌,,,CancerCell
CancerCell:ALK-p.G1269A;.-ALK-肺NUT中线癌,ALK-p.G1269A;.-ALK-肺NUT中线癌,,,CancerCell
CancerCell:ALK-p.G1269A;.-ALK-肺腺鳞癌,ALK-p.G1269A;.-ALK-肺腺鳞癌,,,CancerCell
CancerCell:ALK-p.G1269A;.-ALK-肺鳞状细胞癌,ALK-p.G1269A;.-ALK-肺鳞状细胞癌,,,CancerCell
CancerCell:ALK-p.G1269A;.-ALK-大细胞肺癌,ALK-p.G1269A;.-ALK-大细胞肺癌,,,CancerCell
CancerCell:ALK-p.G1269A;.-ALK-小细胞肺癌,ALK-p.G1269A;.-ALK-小细胞肺癌,,,CancerCell
CancerCell:ALK-p.G1269A;.-ALK-肺类癌,ALK-p.G1269A;.-ALK-肺类癌,,,CancerCell
CancerCell:ALK-p.G1269A;.-ALK-胸膜肺母细胞瘤,ALK-p.G1269A;.-ALK-胸膜肺母细胞瘤,,,CancerCell
Drug:pafolacianine,pafolacianine,YES,NO,Drug
Drug:托泊替康,topotecan,YES,YES,Drug
Drug:塞替派,thiotepa,YES,YES,Drug
Drug:吡柔比星,pirarubicin,NO,YES,Drug
Drug:吉西他滨,gemcitabine,YES,YES,Drug
Drug:依维莫司,everolimus,YES,YES,Drug
Cancer:胃神经内分泌癌,neuroendocrine carcinoma of the stomach,,,Cancer
Cancer:肾血管平滑肌脂肪瘤,renal angiomyolipoma cancer,,,Cancer
Drug:A166,A166,NO,NO,Drug
Drug:培唑帕尼,pazopanib,YES,YES,Drug
CancerCell:FGFR2-p.F276C-胆管癌,FGFR2-p.F276C-胆管癌,,,CancerCell
SnvFull:FGFR2-p.F276C,FGFR2-p.F276C,,,SnvFull
CancerCell:FGFR2-p.F276C-胆道癌,FGFR2-p.F276C-胆道癌,,,CancerCell
CancerCell:FGFR3-p.S249C-膀胱/尿路癌,FGFR3-p.S249C-膀胱/尿路癌,,,CancerCell
SnvFull:FGFR3-p.S249C,FGFR3-p.S249C,,,SnvFull
CancerCell:FGFR3-p.S249C-上尿路上皮癌,FGFR3-p.S249C-上尿路上皮癌,,,CancerCell
CancerCell:FGFR2-p.P253R-头颈部鳞状细胞癌,FGFR2-p.P253R-头颈部鳞状细胞癌,,,CancerCell
SnvFull:FGFR2-p.P253R,FGFR2-p.P253R,,,SnvFull
CancerCell:FGFR2-p.P253R-头颈部肿瘤,FGFR2-p.P253R-头颈部肿瘤,,,CancerCell
Drug:cabozantinib,cabozantinib,YES,NO,Drug
Cancer:胶质瘤,glioma,,,Cancer
Cancer:肝细胞癌,hepatocellular carcinoma,,,Cancer
Cancer:卵巢上皮肿瘤,ovarian epithelial tumor,,,Cancer
CancerCell:EGFR-p.I759M;EGFR-p.L858R-肺癌,EGFR-p.I759M;EGFR-p.L858R-肺癌,,,CancerCell
SnvFull:EGFR-p.I759M,EGFR-p.I759M,,,SnvFull
CancerCell:EGFR-p.I759M;EGFR-p.L858R-非小细胞肺癌,EGFR-p.I759M;EGFR-p.L858R-非小细胞肺癌,,,CancerCell
CancerCell:EGFR-p.E709V;EGFR-p.L858R-肺涎腺型肿瘤,EGFR-p.E709V;EGFR-p.L858R-肺涎腺型肿瘤,,,CancerCell
SnvFull:EGFR-p.E709V,EGFR-p.E709V,,,SnvFull
CancerCell:EGFR-p.E709V;EGFR-p.L858R-肺基底细胞样大细胞癌,EGFR-p.E709V;EGFR-p.L858R-肺基底细胞样大细胞癌,,,CancerCell
CancerCell:EGFR-p.E709V;EGFR-p.L858R-肺透明细胞癌,EGFR-p.E709V;EGFR-p.L858R-肺透明细胞癌,,,CancerCell
Drug:布格替尼,brigatinib,YES,YES,Drug
CancerCell:ALK-p.V1180L;.-ALK-肺涎腺型肿瘤,ALK-p.V1180L;.-ALK-肺涎腺型肿瘤,,,CancerCell
SnvFull:ALK-p.V1180L,ALK-p.V1180L,,,SnvFull
CancerCell:ALK-p.V1180L;.-ALK-肺基底细胞样大细胞癌,ALK-p.V1180L;.-ALK-肺基底细胞样大细胞癌,,,CancerCell
CancerCell:ALK-p.V1180L;.-ALK-肺透明细胞癌,ALK-p.V1180L;.-ALK-肺透明细胞癌,,,CancerCell
CancerCell:ALK-p.V1180L;.-ALK-肺梭形细胞癌,ALK-p.V1180L;.-ALK-肺梭形细胞癌,,,CancerCell
CancerCell:ALK-p.V1180L;.-ALK-肺纤毛黏液结节性乳头状肿瘤,ALK-p.V1180L;.-ALK-肺纤毛黏液结节性乳头状肿瘤,,,CancerCell
CancerCell:ALK-p.V1180L;.-ALK-鳞状非小细胞肺癌,ALK-p.V1180L;.-ALK-鳞状非小细胞肺癌,,,CancerCell
CancerCell:ALK-p.V1180L;.-ALK-肺多形性癌,ALK-p.V1180L;.-ALK-肺多形性癌,,,CancerCell
CancerCell:ALK-p.V1180L;.-ALK-非粘液性肺腺癌,ALK-p.V1180L;.-ALK-非粘液性肺腺癌,,,CancerCell
CancerCell:ALK-p.V1180L;.-ALK-肺腺癌,ALK-p.V1180L;.-ALK-肺腺癌,,,CancerCell
CancerCell:ALK-p.V1180L;.-ALK-肺淋巴上皮瘤样癌,ALK-p.V1180L;.-ALK-肺淋巴上皮瘤样癌,,,CancerCell
Drug:达可替尼,dacomitinib,YES,YES,Drug
CancerCell:EGFR-p.E709_T710delinsD-肺涎腺型肿瘤,EGFR-p.E709_T710delinsD-肺涎腺型肿瘤,,,CancerCell
SnvFull:EGFR-p.E709_T710delinsD,EGFR-p.E709_T710delinsD,,,SnvFull
CancerCell:EGFR-p.E709_T710delinsD-肺基底细胞样大细胞癌,EGFR-p.E709_T710delinsD-肺基底细胞样大细胞癌,,,CancerCell
CancerCell:EGFR-p.E709_T710delinsD-肺透明细胞癌,EGFR-p.E709_T710delinsD-肺透明细胞癌,,,CancerCell
CancerCell:EGFR-p.E709_T710delinsD-肺梭形细胞癌,EGFR-p.E709_T710delinsD-肺梭形细胞癌,,,CancerCell
CancerCell:EGFR-p.E709_T710delinsD-肺纤毛黏液结节性乳头状肿瘤,EGFR-p.E709_T710delinsD-肺纤毛黏液结节性乳头状肿瘤,,,CancerCell
CancerCell:EGFR-p.E709_T710delinsD-鳞状非小细胞肺癌,EGFR-p.E709_T710delinsD-鳞状非小细胞肺癌,,,CancerCell
CancerCell:EGFR-p.E709_T710delinsD-肺多形性癌,EGFR-p.E709_T710delinsD-肺多形性癌,,,CancerCell
CancerCell:EGFR-p.E709_T710delinsD-非粘液性肺腺癌,EGFR-p.E709_T710delinsD-非粘液性肺腺癌,,,CancerCell
CancerCell:EGFR-p.E709_T710delinsD-肺腺癌,EGFR-p.E709_T710delinsD-肺腺癌,,,CancerCell
CancerCell:EGFR-p.E709_T710delinsD-肺淋巴上皮瘤样癌,EGFR-p.E709_T710delinsD-肺淋巴上皮瘤样癌,,,CancerCell
DrugAlias:dtie,dtie,,,DrugAlias
Drug:达卡巴嗪,dacarbazine,YES,YES,Drug
Cancer:霍奇金淋巴瘤,hodgkin lymphoma,,,Cancer
DrugAlias:act-d,act-d,,,DrugAlias
Drug:放线菌素D,dactinomycin,YES,YES,Drug
CancerAlias:Wilms瘤,wilms tumor,,,CancerAlias
GeneticDisease:肾母细胞瘤,Wilms' tumor-Aniridia-ambiguous Genitals-mental Retardation,,,GeneticDisease
Cancer:横纹肌肉瘤,rhabdomyosarcoma,,,Cancer
Cancer:肿瘤、生殖细胞和胚胎,neoplasms,,,Cancer
Cancer:尤文氏肉瘤,ewing sarcoma,,,Cancer
Cancer:癌症,cancer,,,Cancer
Drug:卡莫司汀,carmustine,YES,YES,Drug
Cancer:颅咽管瘤,craniopharyngioma cancer,,,Cancer
Cancer:室管膜肿瘤,ependymomal tumor,,,Cancer
Cancer:脑部恶性肿瘤,malignant tumor,,,Cancer
DrugAlias:bleomicin,bleomicin,,,DrugAlias
Drug:博来霉素,bleomycin,YES,YES,Drug
Cancer:头颈部肿瘤,head and neck,,,Cancer
Cancer:外阴/阴道癌,vulva/vagina cancer,,,Cancer
Cancer:绒毛膜癌,choriocarcinomachoriocarcinomachoriocarcinoma,,,Cancer
Genesymbol:ABI1,ABI1,,,Genesymbol
CancerCell:EGFR-p.L861R;EGFR-p.G719A-肺腺癌,EGFR-p.L861R;EGFR-p.G719A-肺腺癌,,,CancerCell
CancerCell:ERBB2-Amp;ERBB2-p.E401G-肺腺癌,ERBB2-Amp;ERBB2-p.E401G-肺腺癌,,,CancerCell
CancerCell:ALK-p.L1196M;.-ALK-肺腺癌,ALK-p.L1196M;.-ALK-肺腺癌,,,CancerCell
CancerCell:MET-skipping_mut;MET-p.L1195V-肺腺癌,MET-skipping_mut;MET-p.L1195V-肺腺癌,,,CancerCell
CancerCell:CSF1R-p.Y546_K551del-肺腺癌,CSF1R-p.Y546_K551del-肺腺癌,,,CancerCell
CancerCell:MET-skipping_mut;MET-p.D1228N-肺腺癌,MET-skipping_mut;MET-p.D1228N-肺腺癌,,,CancerCell
CancerCell:CSF1R-p.W450_E456del-肺腺癌,CSF1R-p.W450_E456del-肺腺癌,,,CancerCell
CancerCell:JAK2-p.V617F-肺腺癌,JAK2-p.V617F-肺腺癌,,,CancerCell
CancerCell:ALK-p.L1198F;.-ALK-肺腺癌,ALK-p.L1198F;.-ALK-肺腺癌,,,CancerCell
Drug:LXH254,LXH254,NO,NO,Drug
Drug:plx7904,plx7904,NA,NA,Drug
Drug:EBI-907,EBI-907,NO,NO,Drug
Drug:SB590885,SB590885,NO,NO,Drug
Drug:GDC0879,GDC0879,NO,NO,Drug
Drug:BI 882370,BI 882370,NO,NO,Drug
Drug:RO5212054,RO5212054,NO,NO,Drug
Drug:RAF709,RAF709,NO,NO,Drug
Drug:伏罗尼布,vorolanib,NO,YES,Drug
Drug:纳武利尤单抗,nivolumab,YES,YES,Drug
Drug:帕博利珠单抗,pembrolizumab,YES,YES,Drug
Cancer:乳腺癌(三阴性),breast cancer(triple negative),,,Cancer
Drug:阿昔替尼,axitinib,YES,YES,Drug
Drug:tivozanib,tivozanib,YES,NO,Drug
Drug:temsirolimus,temsirolimus,YES,NO,Drug
Drug:替加氟,tegafur,NO,YES,Drug
Drug:佩米替尼,pemigatinib,YES,YES,Drug
Drug:长春地辛,vindesine,NO,YES,Drug
Drug:长春碱,vinblastine,YES,YES,Drug
Drug:硝卡芥,nitrocaphane,NO,YES,Drug
Drug:尼莫司汀,nimustine,NO,YES,Drug
Drug:甲泼尼龙,methylprednisolone,YES,YES,Drug
Drug:氢化可的松,hydrocortisone,YES,YES,Drug
Drug:阿糖胞苷,cytarabine,YES,YES,Drug
Genesymbol:KRAS,KRAS,,,Genesymbol
Drug:RG6330,RG6330,NO,NO,Drug
CancerCell:EGFR-p.S768I;EGFR-p.V774M-肺涎腺型肿瘤,EGFR-p.S768I;EGFR-p.V774M-肺涎腺型肿瘤,,,CancerCell
SnvFull:EGFR-p.V774M,EGFR-p.V774M,,,SnvFull
SnvFull:EGFR-p.S768I,EGFR-p.S768I,,,SnvFull
CancerCell:EGFR-p.S768I;EGFR-p.V774M-肺基底细胞样大细胞癌,EGFR-p.S768I;EGFR-p.V774M-肺基底细胞样大细胞癌,,,CancerCell
CancerCell:EGFR-p.S768I;EGFR-p.V774M-肺透明细胞癌,EGFR-p.S768I;EGFR-p.V774M-肺透明细胞癌,,,CancerCell
CancerCell:EGFR-p.S768I;EGFR-p.V774M-肺梭形细胞癌,EGFR-p.S768I;EGFR-p.V774M-肺梭形细胞癌,,,CancerCell
CancerCell:EGFR-p.S768I;EGFR-p.V774M-肺纤毛黏液结节性乳头状肿瘤,EGFR-p.S768I;EGFR-p.V774M-肺纤毛黏液结节性乳头状肿瘤,,,CancerCell
Cancer:胃癌,gastric cancer,,,Cancer
Drug:阿帕替尼,apatinib,NO,YES,Drug
Drug:曲妥珠单抗（HLX02）,HLX02,NO,YES,Drug
Drug:trastuzumab-dttb,trastuzumab-dttb,YES,NO,Drug
Drug:trastuzumab-dkst,trastuzumab-dkst,YES,NO,Drug
Drug:PLX8394,PLX8394,NO,NO,Drug
Drug:U3-1402,U3-1402,NO,NO,Drug
CancerCell:EGFR-p.T790M-肺涎腺型肿瘤,EGFR-p.T790M-肺涎腺型肿瘤,,,CancerCell
SnvFull:EGFR-p.T790M,EGFR-p.T790M,,,SnvFull
CancerCell:EGFR-p.T790M-肺基底细胞样大细胞癌,EGFR-p.T790M-肺基底细胞样大细胞癌,,,CancerCell
CancerCell:EGFR-p.T790M-肺透明细胞癌,EGFR-p.T790M-肺透明细胞癌,,,CancerCell
CancerCell:EGFR-p.T790M-肺梭形细胞癌,EGFR-p.T790M-肺梭形细胞癌,,,CancerCell
CancerCell:EGFR-p.T790M-肺纤毛黏液结节性乳头状肿瘤,EGFR-p.T790M-肺纤毛黏液结节性乳头状肿瘤,,,CancerCell
CancerCell:EGFR-p.T790M-鳞状非小细胞肺癌,EGFR-p.T790M-鳞状非小细胞肺癌,,,CancerCell
CancerCell:EGFR-p.T790M-肺多形性癌,EGFR-p.T790M-肺多形性癌,,,CancerCell
CancerCell:EGFR-p.T790M-非粘液性肺腺癌,EGFR-p.T790M-非粘液性肺腺癌,,,CancerCell
CancerCell:EGFR-p.T790M-肺腺癌,EGFR-p.T790M-肺腺癌,,,CancerCell
CancerCell:EGFR-p.T790M-肺淋巴上皮瘤样癌,EGFR-p.T790M-肺淋巴上皮瘤样癌,,,CancerCell
Drug:talazoparib,talazoparib,YES,NO,Drug
Genesymbol:PARP2,PARP2,,,Genesymbol
Genesymbol:BRCA2,BRCA2,,,Genesymbol
Drug:panitumumab,panitumumab,YES,NO,Drug
Drug:曲妥珠单抗,trastuzumab,YES,YES,Drug
Genesymbol:FGFR4,FGFR4,,,Genesymbol
Drug:尼达尼布,nintedanib,YES,YES,Drug
Drug:sapitinib,sapitinib,NO,NO,Drug
Drug:lestaurtinib,lestaurtinib,NO,NO,Drug
Drug:哌柏西利,palbociclib,YES,YES,Drug
CancerCell:RB1-p.H483Y-乳腺癌,RB1-p.H483Y-乳腺癌,,,CancerCell
SnvFull:RB1-p.H483Y,RB1-p.H483Y,,,SnvFull
Drug:他莫昔芬,tamoxifen,YES,YES,Drug
CancerCell:KRAS-wildtype;BRAF-p.V600E-胰腺癌,KRAS-wildtype;BRAF-p.V600E-胰腺癌,,,CancerCell
SnvFull:BRAF-p.V600E,BRAF-p.V600E,,,SnvFull
CancerCell:BRAF-p.V600E-甲状腺癌,BRAF-p.V600E-甲状腺癌,,,CancerCell
CancerCell:BRAF-p.V600E-高分化甲状腺癌,BRAF-p.V600E-高分化甲状腺癌,,,CancerCell
CancerCell:BRAF-p.V600E-囊性胶质瘤,BRAF-p.V600E-囊性胶质瘤,,,CancerCell
CancerCell:BRAF-p.V600E-中枢神经系统/脑部肿瘤,BRAF-p.V600E-中枢神经系统/脑部肿瘤,,,CancerCell
CancerCell:BRAF-p.V600E-食管/胃癌,BRAF-p.V600E-食管/胃癌,,,CancerCell
CancerCell:BRAF-p.V600E-髓系肿瘤,BRAF-p.V600E-髓系肿瘤,,,CancerCell
CancerCell:BRAF-p.V600E-组织细胞和树突状细胞肿瘤,BRAF-p.V600E-组织细胞和树突状细胞肿瘤,,,CancerCell
CancerCell:BRAF-p.V600E-骨髓瘤,BRAF-p.V600E-骨髓瘤,,,CancerCell
CancerCell:BRAF-p.G596V-肺涎腺型肿瘤,BRAF-p.G596V-肺涎腺型肿瘤,,,CancerCell
SnvFull:BRAF-p.G596V,BRAF-p.G596V,,,SnvFull
Drug:舒尼替尼,sunitinib,YES,YES,Drug
CancerCell:PDGFRA-p.W559_R560del-十二指肠间质瘤,PDGFRA-p.W559_R560del-十二指肠间质瘤,,,CancerCell
SnvFull:PDGFRA-p.W559_R560del,PDGFRA-p.W559_R560del,,,SnvFull
CancerCell:PDGFRA-p.W559_R560del-软组织肿瘤,PDGFRA-p.W559_R560del-软组织肿瘤,,,CancerCell
SnvFull:FLT3-p.F691L,FLT3-p.F691L,,,SnvFull
CancerCell:FLT3-p.F691L-过性骨髓增生异常,FLT3-p.F691L-过性骨髓增生异常,,,CancerCell
CancerCell:FLT3-p.F691L-AML伴t(8；21)(q22；q22.1)；RUNX1-RUNX1T1,FLT3-p.F691L-AML伴t(8；21)(q22；q22.1)；RUNX1-RUNX1T1,,,CancerCell
CancerCell:FLT3-p.F691L-AML伴inv(3)(q21.3q26.2),FLT3-p.F691L-AML伴inv(3)(q21.3q26.2),,,CancerCell
CancerCell:FLT3-p.F691L-AML (巨核细胞) 伴 t(1；22)(p13.3；q13.3)；RBM15-MKL1,FLT3-p.F691L-AML (巨核细胞) 伴 t(1；22)(p13.3；q13.3)；RBM15-MKL1,,,CancerCell
CancerCell:FLT3-p.F691L-急性巨核细胞白血病,FLT3-p.F691L-急性巨核细胞白血病,,,CancerCell
CancerCell:FLT3-p.F691L-AML伴NPM1突变,FLT3-p.F691L-AML伴NPM1突变,,,CancerCell
CancerCell:FLT3-p.F691L-纯红系白血病,FLT3-p.F691L-纯红系白血病,,,CancerCell
CancerCell:FLT3-p.F691L-未成熟AML,FLT3-p.F691L-未成熟AML,,,CancerCell
CancerCell:ALK-p.L1196M-肺癌,ALK-p.L1196M-肺癌,,,CancerCell
CancerCell:ALK-p.L1196M-分化差的非小细胞肺癌,ALK-p.L1196M-分化差的非小细胞肺癌,,,CancerCell
CancerCell:ALK-p.L1196M-肺横纹肌样表型大细胞癌,ALK-p.L1196M-肺横纹肌样表型大细胞癌,,,CancerCell
CancerCell:ALK-p.L1196M-肺腺样囊性癌,ALK-p.L1196M-肺腺样囊性癌,,,CancerCell
CancerCell:ALK-p.L1196M-巨细胞肺癌,ALK-p.L1196M-巨细胞肺癌,,,CancerCell
CancerCell:ALK-p.L1196M-肺黏液表皮样癌,ALK-p.L1196M-肺黏液表皮样癌,,,CancerCell
CancerCell:ALK-p.L1196M-大细胞肺癌,ALK-p.L1196M-大细胞肺癌,,,CancerCell
CancerCell:ALK-p.L1196M-肺鳞状细胞癌,ALK-p.L1196M-肺鳞状细胞癌,,,CancerCell
CancerCell:ALK-p.L1196M-非鳞状非小细胞肺癌,ALK-p.L1196M-非鳞状非小细胞肺癌,,,CancerCell
CancerCell:ALK-p.L1196M-肺腺鳞癌,ALK-p.L1196M-肺腺鳞癌,,,CancerCell
CancerCell:PDGFRA-p.D842V-十二指肠间质瘤,PDGFRA-p.D842V-十二指肠间质瘤,,,CancerCell
SnvFull:PDGFRA-p.D842V,PDGFRA-p.D842V,,,SnvFull
CancerCell:PDGFRA-p.D842V-软组织肿瘤,PDGFRA-p.D842V-软组织肿瘤,,,CancerCell
CancerCell:BRAF-p.Y472C-肺涎腺型肿瘤,BRAF-p.Y472C-肺涎腺型肿瘤,,,CancerCell
SnvFull:BRAF-p.Y472C,BRAF-p.Y472C,,,SnvFull
CancerCell:BRAF-p.Y472C-肺基底细胞样大细胞癌,BRAF-p.Y472C-肺基底细胞样大细胞癌,,,CancerCell
CancerCell:BRAF-p.Y472C-肺透明细胞癌,BRAF-p.Y472C-肺透明细胞癌,,,CancerCell
CancerCell:BRAF-p.Y472C-肺梭形细胞癌,BRAF-p.Y472C-肺梭形细胞癌,,,CancerCell
CancerCell:BRAF-p.Y472C-肺纤毛黏液结节性乳头状肿瘤,BRAF-p.Y472C-肺纤毛黏液结节性乳头状肿瘤,,,CancerCell
CancerCell:BRAF-p.Y472C-鳞状非小细胞肺癌,BRAF-p.Y472C-鳞状非小细胞肺癌,,,CancerCell
CancerCell:BRAF-p.Y472C-肺多形性癌,BRAF-p.Y472C-肺多形性癌,,,CancerCell
CancerCell:BRAF-p.Y472C-非粘液性肺腺癌,BRAF-p.Y472C-非粘液性肺腺癌,,,CancerCell
CancerCell:VHL-inact-非透明细胞肾癌,VHL-inact-非透明细胞肾癌,,,CancerCell
CancerCell:VHL-inact-肾癌,VHL-inact-肾癌,,,CancerCell
CancerCell:VHL-p.T133N-非透明细胞肾癌,VHL-p.T133N-非透明细胞肾癌,,,CancerCell
Drug:瑞戈非尼,regorafenib,YES,YES,Drug
Genesymbol:PTEN,PTEN,,,Genesymbol
GeneticDisease:Wilson病,Wilson disease,,,GeneticDisease
GeneticDisease:家族性脑海绵状血管瘤,Familial Cerebral Cavernous Angioma,,,GeneticDisease
Genesymbol:NSD1,NSD1,,,Genesymbol
GeneticDisease:韦弗综合征,Weaver syndrome,,,GeneticDisease
SnvFull:FGFR2-p.E566G,FGFR2-p.E566G,,,SnvFull
CancerCell:FGFR2-p.E566G-胸壁肿瘤,FGFR2-p.E566G-胸壁肿瘤,,,CancerCell
CancerCell:FGFR2-p.E566G-胰腺囊性肿瘤,FGFR2-p.E566G-胰腺囊性肿瘤,,,CancerCell
CancerCell:FGFR2-p.E566G-鞍区肿瘤,FGFR2-p.E566G-鞍区肿瘤,,,CancerCell
CancerCell:FGFR2-p.E566G-巨细胞肺癌,FGFR2-p.E566G-巨细胞肺癌,,,CancerCell
CancerCell:FGFR2-p.E566G-小细胞胆囊癌,FGFR2-p.E566G-小细胞胆囊癌,,,CancerCell
CancerCell:FGFR2-p.E566G-原发性骨髓纤维化,FGFR2-p.E566G-原发性骨髓纤维化,,,CancerCell
CancerCell:FGFR2-p.E566G-胸膜癌,FGFR2-p.E566G-胸膜癌,,,CancerCell
CancerCell:FGFR2-p.E566G-盆腔肿瘤,FGFR2-p.E566G-盆腔肿瘤,,,CancerCell
CancerCell:FGFR2-p.E566G-子宫平滑肌肉瘤,FGFR2-p.E566G-子宫平滑肌肉瘤,,,CancerCell
SnvFull:PIK3CA-p.H1047R,PIK3CA-p.H1047R,,,SnvFull
CancerCell:PIK3CA-p.H1047R-卵巢透明细胞肿瘤,PIK3CA-p.H1047R-卵巢透明细胞肿瘤,,,CancerCell
Cancer:卵巢透明细胞肿瘤,clear cell ovarian cancer,,,Cancer
CancerCell:PIK3CA-p.H1047R-卵巢/输卵管癌,PIK3CA-p.H1047R-卵巢/输卵管癌,,,CancerCell
Cancer:卵巢/输卵管癌,ovary/fallopian tube cancer,,,Cancer
CancerCell:PIK3CA-p.H1047R-卵巢癌,PIK3CA-p.H1047R-卵巢癌,,,CancerCell
CancerCell:PIK3CA-p.H1047R-卵巢上皮肿瘤,PIK3CA-p.H1047R-卵巢上皮肿瘤,,,CancerCell
CancerCell:PIK3CA-p.H1047R-胃肠间质瘤,PIK3CA-p.H1047R-胃肠间质瘤,,,CancerCell
Cancer:胃肠间质瘤,gastrointestinal stromal tumor,,,Cancer
CancerCell:PIK3CA-p.H1047R-软组织肿瘤,PIK3CA-p.H1047R-软组织肿瘤,,,CancerCell
CancerCell:PIK3CA-p.H1047R-十二指肠间质瘤,PIK3CA-p.H1047R-十二指肠间质瘤,,,CancerCell
Cancer:十二指肠间质瘤,duodenal stromal tumor,,,Cancer
Cancer:胃腺癌,stomach adenocarcinoma,,,Cancer
Cancer:膀胱癌,bladder carcinoma,,,Cancer
Drug:三氧化二砷,arsenic trioxide,YES,YES,Drug
Drug:alitretinoin,alitretinoin,YES,NO,Drug
CancerCell:CLIP1-LTK-肺透明细胞癌,CLIP1-LTK-肺透明细胞癌,,,CancerCell
Drug:阿柔比星,aclarubicin,NO,YES,Drug
Drug:苯达莫司汀,bendamustine,YES,YES,Drug
Drug:六甲蜜胺,altretamine,YES,YES,Drug
DrugAlias:amg-510,amg-510,,,DrugAlias
Genesymbol:AJUBA,AJUBA,,,Genesymbol
Genesymbol:KDR,KDR,,,Genesymbol
Drug:雷莫西尤单抗,ramucirumab,YES,YES,Drug
Fusion:SND1-BRAF,SND1-BRAF,,,Fusion
Fusion:KMT2A-MLLT1,KMT2A-MLLT1,,,Fusion
Genesymbol:MLLT1,MLLT1,,,Genesymbol
Drug:dovitinib,dovitinib,NO,NO,Drug
Drug:卡铂,carboplatin,YES,YES,Drug
CancerCell:MAP2K1-p.L98_K104delinsQ-骨髓瘤,MAP2K1-p.L98_K104delinsQ-骨髓瘤,,,CancerCell
SnvFull:MAP2K1-p.L98_K104delinsQ,MAP2K1-p.L98_K104delinsQ,,,SnvFull
CancerCell:MAP2K1-p.L98_K104delinsQ-组织细胞和树突状细胞肿瘤,MAP2K1-p.L98_K104delinsQ-组织细胞和树突状细胞肿瘤,,,CancerCell
CancerCell:MAP2K1-p.L98_K104delinsQ-髓系肿瘤,MAP2K1-p.L98_K104delinsQ-髓系肿瘤,,,CancerCell
CancerCell:BRAF-p.N581S-非小细胞肺癌,BRAF-p.N581S-非小细胞肺癌,,,CancerCell
SnvFull:BRAF-p.N581S,BRAF-p.N581S,,,SnvFull
CancerCell:BRAF-p.N581S-肺癌,BRAF-p.N581S-肺癌,,,CancerCell
CancerCell:BRAF-p.G469V-肾癌,BRAF-p.G469V-肾癌,,,CancerCell
CancerCell:BRAF-p.D594G-肠癌,BRAF-p.D594G-肠癌,,,CancerCell
SnvFull:BRAF-p.D594G,BRAF-p.D594G,,,SnvFull
CancerCell:BRAF-p.D594G-结直肠腺癌,BRAF-p.D594G-结直肠腺癌,,,CancerCell
CancerCell:BRAF-p.D594G-直肠癌,BRAF-p.D594G-直肠癌,,,CancerCell
CancerCell:BRAF-p.D594G-结直肠黏液腺癌,BRAF-p.D594G-结直肠黏液腺癌,,,CancerCell
CancerCell:PIK3CA-p.W1051*-子宫癌肉瘤/子宫恶性苗勒氏管混合瘤,PIK3CA-p.W1051*-子宫癌肉瘤/子宫恶性苗勒氏管混合瘤,,,CancerCell
SnvFull:PIK3CA-p.W1051*,PIK3CA-p.W1051*,,,SnvFull
CancerCell:PIK3CA-p.W1051*-子宫神经内分泌癌,PIK3CA-p.W1051*-子宫神经内分泌癌,,,CancerCell
CancerCell:PIK3CA-p.W1051*-子宫去分化癌,PIK3CA-p.W1051*-子宫去分化癌,,,CancerCell
CancerCell:PIK3CA-p.W1051*-子宫黏液癌,PIK3CA-p.W1051*-子宫黏液癌,,,CancerCell
CancerCell:PIK3CA-p.W1051*-子宫内膜样癌,PIK3CA-p.W1051*-子宫内膜样癌,,,CancerCell
CancerCell:PIK3CA-p.W1051*-子宫浆液性癌/子宫乳头状浆液性癌,PIK3CA-p.W1051*-子宫浆液性癌/子宫乳头状浆液性癌,,,CancerCell
CancerCell:PIK3CA-p.W1051*-混合型子宫内膜癌,PIK3CA-p.W1051*-混合型子宫内膜癌,,,CancerCell
CancerCell:PIK3CA-p.W1051*-子宫中肾管样癌,PIK3CA-p.W1051*-子宫中肾管样癌,,,CancerCell
CancerCell:PIK3CA-p.W1051*-子宫腺鳞癌,PIK3CA-p.W1051*-子宫腺鳞癌,,,CancerCell
Drug:ABSK121-NX,ABSK121-NX,NO,NO,Drug
Drug:MAX-40279,MAX-40279,NO,NO,Drug
Drug:HGS1036,HGS1036,NO,NO,Drug
Drug:SU5402,SU5402,NO,NO,Drug
Drug:PD-173074,PD-173074,NO,NO,Drug
Drug:ODM-203,ODM-203,NO,NO,Drug
Drug:amivantamab-vmjw,amivantamab-vmjw,YES,YES,Drug
CancerCell:NRAS-act;CDKN2A-Loss-皮肤癌,NRAS-act;CDKN2A-Loss-皮肤癌,,,CancerCell
Drug:阿贝西利,abemaciclib,YES,YES,Drug
CancerCell:NRAS-act-皮肤癌,NRAS-act-皮肤癌,,,CancerCell
Drug:binimetinib,binimetinib,YES,NO,Drug
CancerCell:NRAS-p.G12-皮肤癌,NRAS-p.G12-皮肤癌,,,CancerCell
CancerCell:NRAS-p.Q61-皮肤癌,NRAS-p.Q61-皮肤癌,,,CancerCell
Drug:ulixertinib,ulixertinib,NO,NO,Drug
Drug:FCN-159,FCN-159,NO,NO,Drug
Genesymbol:PARP1,PARP1,,,Genesymbol
Drug:selumetinib,selumetinib,YES,NO,Drug
Genesymbol:MAP2K2,MAP2K2,,,Genesymbol
Genesymbol:HRAS,HRAS,,,Genesymbol
CancerCell:EGFR-exon19del-非鳞状非小细胞肺癌,EGFR-exon19del-非鳞状非小细胞肺癌,,,CancerCell
Drug:AZD3759,AZD3759,NO,NO,Drug
Drug:埃克替尼,icotinib,NO,YES,Drug
Drug:nazartinib,nazartinib,NO,NO,Drug
CancerCell:EGFR-p.A767_V769dup-鳞状非小细胞肺癌,EGFR-p.A767_V769dup-鳞状非小细胞肺癌,,,CancerCell
CancerCell:EGFR-p.A767_V769dup-非鳞状非小细胞肺癌,EGFR-p.A767_V769dup-非鳞状非小细胞肺癌,,,CancerCell
CancerCell:POMK-NRG1-结肠腺癌,POMK-NRG1-结肠腺癌,,,CancerCell
CancerCell:POMK-NRG1-原位结肠腺癌,POMK-NRG1-原位结肠腺癌,,,CancerCell
CancerCell:EML4-ALK-卵巢小细胞癌,EML4-ALK-卵巢小细胞癌,,,CancerCell
Drug:阿替利珠单抗,atezolizumab,YES,YES,Drug
Cancer:肺泡状软组织肉瘤,alveolar soft part sarcoma,,,Cancer
CancerCell:BRAF-p.V600E-弥漫性胶质瘤,BRAF-p.V600E-弥漫性胶质瘤,,,CancerCell
CancerCell:MAP2K1-p.Q56_V60del-卵巢癌,MAP2K1-p.Q56_V60del-卵巢癌,,,CancerCell
SnvFull:MAP2K1-p.Q56_V60del,MAP2K1-p.Q56_V60del,,,SnvFull
CancerCell:MAP2K1-p.Q56_V60del-卵巢/输卵管癌,MAP2K1-p.Q56_V60del-卵巢/输卵管癌,,,CancerCell
CancerCell:MAP2K1-p.Q56_V60del-卵巢浆液性癌,MAP2K1-p.Q56_V60del-卵巢浆液性癌,,,CancerCell
CancerCell:MAP2K1-p.Q56_V60del-卵巢上皮肿瘤,MAP2K1-p.Q56_V60del-卵巢上皮肿瘤,,,CancerCell
Drug:达拉非尼,dabrafenib,YES,YES,Drug
CancerCell:BRAF-p.V600M;BRAF-p.V600E-恶性雀斑样痣黑色素瘤,BRAF-p.V600M;BRAF-p.V600E-恶性雀斑样痣黑色素瘤,,,CancerCell
SnvFull:BRAF-p.V600M,BRAF-p.V600M,,,SnvFull
CancerCell:BRAF-p.V600M;BRAF-p.V600E-Spitz样黑色素瘤,BRAF-p.V600M;BRAF-p.V600E-Spitz样黑色素瘤,,,CancerCell
CancerCell:BRAF-p.V600M;BRAF-p.V600E-促结缔组织增生性黑色素瘤,BRAF-p.V600M;BRAF-p.V600E-促结缔组织增生性黑色素瘤,,,CancerCell
CancerCell:BRAF-p.V600M;BRAF-p.V600E-黏膜黑色素瘤,BRAF-p.V600M;BRAF-p.V600E-黏膜黑色素瘤,,,CancerCell
CancerCell:BRAF-p.V600M;BRAF-p.V600E-皮肤黑色素瘤,BRAF-p.V600M;BRAF-p.V600E-皮肤黑色素瘤,,,CancerCell
Genesymbol:ROS1,ROS1,,,Genesymbol
CancerCell:.-ALK-肺腺鳞癌,.-ALK-肺腺鳞癌,,,CancerCell
CancerCell:ALK-p.G1269A-肺腺鳞癌,ALK-p.G1269A-肺腺鳞癌,,,CancerCell
CancerCell:ALK-p.F1174V-肺腺鳞癌,ALK-p.F1174V-肺腺鳞癌,,,CancerCell
CancerCell:ALK-p.V1180L;.-ALK-肺腺鳞癌,ALK-p.V1180L;.-ALK-肺腺鳞癌,,,CancerCell
CancerCell:ALK-p.F1245C-肺腺鳞癌,ALK-p.F1245C-肺腺鳞癌,,,CancerCell
CancerCell:ALK-p.V1180L-肺腺鳞癌,ALK-p.V1180L-肺腺鳞癌,,,CancerCell
CancerCell:ALK-p.I1171S-肺腺鳞癌,ALK-p.I1171S-肺腺鳞癌,,,CancerCell
CancerCell:EML4-ALK-肺腺鳞癌,EML4-ALK-肺腺鳞癌,,,CancerCell
CancerCell:ALK-p.L1196M;.-ALK-肺腺鳞癌,ALK-p.L1196M;.-ALK-肺腺鳞癌,,,CancerCell
CancerCell:ALK-p.C1156Y;.-ALK-肺腺鳞癌,ALK-p.C1156Y;.-ALK-肺腺鳞癌,,,CancerCell
CancerCell:ALK-p.G1202R;.-ALK-肺腺鳞癌,ALK-p.G1202R;.-ALK-肺腺鳞癌,,,CancerCell
CancerCell:ALK-p.G1202R-肺腺鳞癌,ALK-p.G1202R-肺腺鳞癌,,,CancerCell
CancerCell:ALK-p.C1156Y-肺腺鳞癌,ALK-p.C1156Y-肺腺鳞癌,,,CancerCell
Drug:CT-707,CT-707,NO,NO,Drug
Drug:SY-3505,SY-3505,NO,NO,Drug
Drug:BPR1J373,BPR1J373,NO,NO,Drug
Drug:motesanib,motesanib,NO,NO,Drug
Drug:AD80,AD80,NO,NO,Drug
Drug:SY-5007,SY-5007,NO,NO,Drug
Drug:KL590586,KL590586,NA,NA,Drug
Drug:TPX-0046,TPX-0046,NO,NO,Drug
CancerCell:PIK3CA-act-子宫肿瘤,PIK3CA-act-子宫肿瘤,,,CancerCell
Drug:alpelisib,alpelisib,YES,NO,Drug
CancerCell:PIK3CA-p.W1051*-子宫肿瘤,PIK3CA-p.W1051*-子宫肿瘤,,,CancerCell
CancerCell:KRAS-p.G12C-胰腺腺癌,KRAS-p.G12C-胰腺腺癌,,,CancerCell
Drug:adagrasib,adagrasib,YES,NO,Drug
CancerCell:KRAS-p.G12D;PTEN-Loss-胰腺腺癌,KRAS-p.G12D;PTEN-Loss-胰腺腺癌,,,CancerCell
Genesymbol:KIT,KIT,,,Genesymbol
CancerCell:ERBB2-p.Y772_A775dup-鳞状非小细胞肺癌,ERBB2-p.Y772_A775dup-鳞状非小细胞肺癌,,,CancerCell
Drug:恩美曲妥珠单抗,ado-trastuzumab emtansine,YES,YES,Drug
CancerCell:ERBB2-p.Y772_A775dup-非鳞状非小细胞肺癌,ERBB2-p.Y772_A775dup-非鳞状非小细胞肺癌,,,CancerCell
CancerCell:ERBB2-p.Y772_A775dup-分化差的非小细胞肺癌,ERBB2-p.Y772_A775dup-分化差的非小细胞肺癌,,,CancerCell
CancerCell:ERBB2-p.S310Y-非小细胞肺癌,ERBB2-p.S310Y-非小细胞肺癌,,,CancerCell
Drug:poziotinib,poziotinib,NO,NO,Drug
Drug:吡咯替尼,pyrotinib,NO,YES,Drug
CancerCell:PTEN-inact-子宫未分化癌,PTEN-inact-子宫未分化癌,,,CancerCell
CancerCell:PTEN-Loss-子宫未分化癌,PTEN-Loss-子宫未分化癌,,,CancerCell
CancerCell:PTEN-Low_exp-子宫未分化癌,PTEN-Low_exp-子宫未分化癌,,,CancerCell
CancerCell:AKT1-act-子宫黏液癌,AKT1-act-子宫黏液癌,,,CancerCell
CancerCell:AKT1-p.E17K-子宫黏液癌,AKT1-p.E17K-子宫黏液癌,,,CancerCell
Drug:capivasertib,capivasertib,NO,NO,Drug
CancerCell:PIK3CA-act-子宫内膜样癌,PIK3CA-act-子宫内膜样癌,,,CancerCell
Drug:capmatinib,capmatinib,YES,NO,Drug
CancerCell:BRAF-p.V600-鳞状非小细胞肺癌,BRAF-p.V600-鳞状非小细胞肺癌,,,CancerCell
CancerCell:BRAF-p.V600-非小细胞肺癌,BRAF-p.V600-非小细胞肺癌,,,CancerCell
CancerCell:BRAF-p.V600-非鳞状非小细胞肺癌,BRAF-p.V600-非鳞状非小细胞肺癌,,,CancerCell
CancerCell:BRAF-p.V600-分化差的非小细胞肺癌,BRAF-p.V600-分化差的非小细胞肺癌,,,CancerCell
Drug:rociletinib,rociletinib,NO,NO,Drug
CancerCell:NRAS-p.G12-肢端黑色素瘤,NRAS-p.G12-肢端黑色素瘤,,,CancerCell
CancerCell:NRAS-p.Q61-恶性雀斑样痣黑色素瘤,NRAS-p.Q61-恶性雀斑样痣黑色素瘤,,,CancerCell
CancerCell:NRAS-p.Q61-Spitz样黑色素瘤,NRAS-p.Q61-Spitz样黑色素瘤,,,CancerCell
CancerCell:NRAS-p.Q61-促结缔组织增生性黑色素瘤,NRAS-p.Q61-促结缔组织增生性黑色素瘤,,,CancerCell
CancerCell:NRAS-p.Q61-黏膜黑色素瘤,NRAS-p.Q61-黏膜黑色素瘤,,,CancerCell
CancerCell:NRAS-p.Q61-皮肤黑色素瘤,NRAS-p.Q61-皮肤黑色素瘤,,,CancerCell
CancerCell:NRAS-p.Q61-原发灶不明黑色素瘤,NRAS-p.Q61-原发灶不明黑色素瘤,,,CancerCell
CancerCell:NRAS-p.Q61-肢端黑色素瘤,NRAS-p.Q61-肢端黑色素瘤,,,CancerCell
CancerCell:TP53-inact-Brenner肿瘤,TP53-inact-Brenner肿瘤,,,CancerCell
Drug:APR-246,APR-246,NO,NO,Drug
CancerCell:TP53-inact-Brenner肿瘤，交界性,TP53-inact-Brenner肿瘤，交界性,,,CancerCell
CancerCell:TP53-inact-Brenner肿瘤，良性,TP53-inact-Brenner肿瘤，良性,,,CancerCell
CancerCell:TP53-inact-Brenner肿瘤，恶性,TP53-inact-Brenner肿瘤，恶性,,,CancerCell
CancerCell:FGFR2-Amp-肺涎腺型肿瘤,FGFR2-Amp-肺涎腺型肿瘤,,,CancerCell
Drug:rogaratinib,rogaratinib,NO,NO,Drug
Cancer:血管瘤样纤维组织细胞瘤,angiomatoid fibrous histiocytoma,,,Cancer
CancerCell:ALK-p.L1196M;.-ALK-血管瘤样纤维组织细胞瘤,ALK-p.L1196M;.-ALK-血管瘤样纤维组织细胞瘤,,,CancerCell
CancerCell:ALK-p.L1198F;.-ALK-血管瘤样纤维组织细胞瘤,ALK-p.L1198F;.-ALK-血管瘤样纤维组织细胞瘤,,,CancerCell
CancerCell:ALK-p.G1202R;.-ALK-血管瘤样纤维组织细胞瘤,ALK-p.G1202R;.-ALK-血管瘤样纤维组织细胞瘤,,,CancerCell
CancerCell:ALK-p.C1156Y;.-ALK-血管瘤样纤维组织细胞瘤,ALK-p.C1156Y;.-ALK-血管瘤样纤维组织细胞瘤,,,CancerCell
CancerCell:FGFR2-SKI-血管瘤样纤维组织细胞瘤,FGFR2-SKI-血管瘤样纤维组织细胞瘤,,,CancerCell
CancerCell:FGFR3-TACC3-血管瘤样纤维组织细胞瘤,FGFR3-TACC3-血管瘤样纤维组织细胞瘤,,,CancerCell
CancerCell:FGFR2-TACC3-血管瘤样纤维组织细胞瘤,FGFR2-TACC3-血管瘤样纤维组织细胞瘤,,,CancerCell
CancerCell:FGFR2-CLIP1-血管瘤样纤维组织细胞瘤,FGFR2-CLIP1-血管瘤样纤维组织细胞瘤,,,CancerCell
CancerCell:FGFR2-SHTN1-血管瘤样纤维组织细胞瘤,FGFR2-SHTN1-血管瘤样纤维组织细胞瘤,,,CancerCell
CancerCell:.-FGFR1-血管瘤样纤维组织细胞瘤,.-FGFR1-血管瘤样纤维组织细胞瘤,,,CancerCell
Drug:tepotinib,tepotinib,YES,NO,Drug
SnvFull:PLAG1-p.L9F,PLAG1-p.L9F,,,SnvFull
Genesymbol:PLAG1,PLAG1,,,Genesymbol
SnvFull:PLAG1-p.L421S,PLAG1-p.L421S,,,SnvFull
SnvFull:PLAG1-p.K184N,PLAG1-p.K184N,,,SnvFull
SnvFull:PLAG1-p.R138G,PLAG1-p.R138G,,,SnvFull
SnvFull:PLAG1-p.G7D,PLAG1-p.G7D,,,SnvFull
SnvFull:PLAG1-p.S161R,PLAG1-p.S161R,,,SnvFull
SnvFull:PLAG1-p.L266F,PLAG1-p.L266F,,,SnvFull
SnvFull:PLAG1-p.V18A,PLAG1-p.V18A,,,SnvFull
SnvFull:PLAG1-p.T28S,PLAG1-p.T28S,,,SnvFull
SnvFull:PLAG1-p.Y54F,PLAG1-p.Y54F,,,SnvFull
SnvFull:ZFHX3-p.A3627S,ZFHX3-p.A3627S,,,SnvFull
Genesymbol:ZFHX3,ZFHX3,,,Genesymbol
SnvFull:ZFHX3-p.E1494K,ZFHX3-p.E1494K,,,SnvFull
SnvFull:ZFHX3-p.E2414K,ZFHX3-p.E2414K,,,SnvFull
SnvFull:ZFHX3-p.E717Q,ZFHX3-p.E717Q,,,SnvFull
SnvFull:ZFHX3-p.S1646F,ZFHX3-p.S1646F,,,SnvFull
SnvFull:ZFHX3-p.P1190S,ZFHX3-p.P1190S,,,SnvFull
SnvFull:ZFHX3-p.P3581L,ZFHX3-p.P3581L,,,SnvFull
SnvFull:ZFHX3-p.A1861G,ZFHX3-p.A1861G,,,SnvFull
SnvFull:ZFHX3-p.E975K,ZFHX3-p.E975K,,,SnvFull
SnvFull:ZFHX3-p.A2624V,ZFHX3-p.A2624V,,,SnvFull
SnvFull:PTPRD-p.P1329Q,PTPRD-p.P1329Q,,,SnvFull
Genesymbol:PTPRD,PTPRD,,,Genesymbol
SnvFull:PTPRD-p.E21K,PTPRD-p.E21K,,,SnvFull
SnvFull:PTPRD-p.T799I,PTPRD-p.T799I,,,SnvFull
SnvFull:PTPRD-p.S646Y,PTPRD-p.S646Y,,,SnvFull
SnvFull:PTPRD-p.M605I,PTPRD-p.M605I,,,SnvFull
SnvFull:PTPRD-p.S239Y,PTPRD-p.S239Y,,,SnvFull
SnvFull:PTPRD-p.R1181L,PTPRD-p.R1181L,,,SnvFull
SnvFull:PTPRD-p.K1102M,PTPRD-p.K1102M,,,SnvFull
SnvFull:PTPRD-p.W1729C,PTPRD-p.W1729C,,,SnvFull
SnvFull:PTPRD-p.T1086K,PTPRD-p.T1086K,,,SnvFull
SnvFull:CARD11-p.P2L,CARD11-p.P2L,,,SnvFull
Genesymbol:CARD11,CARD11,,,Genesymbol
SnvFull:CARD11-p.P295S,CARD11-p.P295S,,,SnvFull
SnvFull:CARD11-p.N591Y,CARD11-p.N591Y,,,SnvFull
SnvFull:CARD11-p.K696R,CARD11-p.K696R,,,SnvFull
SnvFull:CARD11-p.E432*,CARD11-p.E432*,,,SnvFull
SnvFull:CARD11-p.P513T,CARD11-p.P513T,,,SnvFull
SnvFull:CARD11-p.G830D,CARD11-p.G830D,,,SnvFull
SnvFull:CARD11-p.N452S,CARD11-p.N452S,,,SnvFull
SnvFull:CARD11-p.K184M,CARD11-p.K184M,,,SnvFull
SnvFull:CARD11-p.K550N,CARD11-p.K550N,,,SnvFull
SnvFull:NBEA-p.K2111N,NBEA-p.K2111N,,,SnvFull
Genesymbol:NBEA,NBEA,,,Genesymbol
SnvFull:NBEA-p.V2431A,NBEA-p.V2431A,,,SnvFull
SnvFull:NBEA-p.A2614T,NBEA-p.A2614T,,,SnvFull
SnvFull:NBEA-p.Q1949L,NBEA-p.Q1949L,,,SnvFull
SnvFull:NBEA-p.S731L,NBEA-p.S731L,,,SnvFull
SnvFull:NBEA-p.I1000M,NBEA-p.I1000M,,,SnvFull
SnvFull:NBEA-p.C2737S,NBEA-p.C2737S,,,SnvFull
SnvFull:NBEA-p.D1698N,NBEA-p.D1698N,,,SnvFull
SnvFull:NBEA-p.E2486K,NBEA-p.E2486K,,,SnvFull
SnvFull:NBEA-p.A529T,NBEA-p.A529T,,,SnvFull
SnvFull:PCDH17-p.A1035T,PCDH17-p.A1035T,,,SnvFull
Genesymbol:PCDH17,PCDH17,,,Genesymbol
SnvFull:PCDH17-p.R186H,PCDH17-p.R186H,,,SnvFull
SnvFull:PCDH17-p.R732H,PCDH17-p.R732H,,,SnvFull
SnvFull:PCDH17-p.S240I,PCDH17-p.S240I,,,SnvFull
SnvFull:PCDH17-p.R599H,PCDH17-p.R599H,,,SnvFull
SnvFull:PCDH17-p.E1141*,PCDH17-p.E1141*,,,SnvFull
SnvFull:PCDH17-p.L1019V,PCDH17-p.L1019V,,,SnvFull
SnvFull:PCDH17-p.M955T,PCDH17-p.M955T,,,SnvFull
SnvFull:PCDH17-p.K919N,PCDH17-p.K919N,,,SnvFull
SnvFull:PCDH17-p.D269N,PCDH17-p.D269N,,,SnvFull
Genesymbol:HIP1,HIP1,,,Genesymbol
Cancer:子宫癌肉瘤/子宫恶性苗勒氏管混合瘤,uterine carcinosarcoma/uterine malignant mixed mullerian tumor,,,Cancer
Genesymbol:ZNRF3,ZNRF3,,,Genesymbol
Genesymbol:H3F3A,H3F3A,,,Genesymbol
Genesymbol:ZNF148,ZNF148,,,Genesymbol
Genesymbol:BCL9,BCL9,,,Genesymbol
GeneticDisease:Bloom综合征,Bloom syndrome,,,GeneticDisease
Cancer:血液肿瘤,hematological malignancy cancer,,,Cancer
Cancer:喉癌,laryngeal carcinoma,,,Cancer
GeneticDisease:Denys-Drash综合征,Denys-Drash syndrome,,,GeneticDisease
Cancer:睾丸癌,testis cancer,,,Cancer
GeneticDisease:肿瘤易感综合征,Tumor predisposition syndrome,,,GeneticDisease
Cancer:间皮瘤,mesothelioma cancer,,,Cancer
GeneticDisease:神经鞘瘤病,Schwannomatosis,,,GeneticDisease
Cancer:神经鞘膜瘤,nerve sheath tumor,,,Cancer
CancerAlias:施万细胞瘤,schwannoma,,,CancerAlias
GeneticDisease:遗传性纤维瘤病,Hereditary Desmoid Disease,,,GeneticDisease
GeneticDisease:Alagille综合征,Alagille Syndrome,,,GeneticDisease
GeneticDisease:Li-Fraumeni综合征,Li-Fraumeni syndrome,,,GeneticDisease
Cancer:骨肉瘤,osteosarcoma,,,Cancer
Cancer:脂肪肿瘤,fatty tumor,,,Cancer
Cancer:中枢神经系统/脑部肿瘤,cns/brain cancer,,,Cancer
CancerAlias:肾上腺癌,adrenal cancer,,,CancerAlias
GeneticDisease:小儿巨脑畸形综合征,Sotos syndrome,,,GeneticDisease
Cancer:肾上腺神经节细胞瘤,Adrenal Ganglioneuroma cancer,,,Cancer
GeneticDisease:RAPADILINO综合征,RAPADILINO syndrome,,,GeneticDisease
GeneticDisease:Baller-Gerold综合征,Baller-Gerold syndrome,,,GeneticDisease
GeneticDisease:多发性皮脂腺囊肿,Steatocystoma Multiplex,,,GeneticDisease
Cancer:皮脂腺癌,sebaceous carcinoma,,,Cancer
GeneticDisease:遗传性弥漫性胃癌,Hereditary Diffuse Gastric Cancer,,,GeneticDisease
GeneticDisease:共济失调毛细血管扩张症,Ataxia Telangiectasia,,,GeneticDisease
Genesymbol:ATM,ATM,,,Genesymbol
GeneticDisease:巨脑毛细血管畸形综合征,Macrocephaly-Cutis Marmorata syndrome,,,GeneticDisease
Genesymbol:APC,APC,,,Genesymbol
GeneticDisease:幼年性息肉病综合征,Juvenile Polyposis,,,GeneticDisease
Genesymbol:BMPR1A,BMPR1A,,,Genesymbol
GeneticDisease:Mosaic Variegated Aneuploidy 综合征,Mosaic Variegated Aneuploidy Syndrome,,,GeneticDisease
Genesymbol:BUB1B,BUB1B,,,Genesymbol
GeneticDisease:Beckwith-Wiedemann综合征,Beckwith-Wiedemann syndrome,,,GeneticDisease
Genesymbol:CDKN1C,CDKN1C,,,Genesymbol
Genesymbol:WAS,WAS,,,Genesymbol
GeneticDisease:Wiskott-Aldrich综合征,Wiskott-Aldrich syndrome,,,GeneticDisease
Genesymbol:MTAP,MTAP,,,Genesymbol
GeneticDisease:遗传性骨发育不良与恶变,Bone Dysplasia with Malignant Change,,,GeneticDisease
Genesymbol:PHB,PHB,,,Genesymbol
Genesymbol:BLM,BLM,,,Genesymbol
Genesymbol:WT1,WT1,,,Genesymbol
GeneticDisease:Frasier综合征,Frasier syndrome,,,GeneticDisease
GeneticDisease:家族性腹膜间皮瘤,Mesothelioma,,,GeneticDisease
Genesymbol:CHEK2,CHEK2,,,Genesymbol
GeneticDisease:家族聚集性骨肉瘤,Osteosarcoma,,,GeneticDisease
Genesymbol:NF2,NF2,,,Genesymbol
GeneticDisease:2型神经纤维瘤病,Neurofibromatosis,,,GeneticDisease
GeneticDisease:家族聚集性脑膜瘤,Meningioma,,,GeneticDisease
Genesymbol:DICER1,DICER1,,,Genesymbol
GeneticDisease:DICER1综合征,DICER 1 syndrome,,,GeneticDisease
Genesymbol:ELANE,ELANE,,,Genesymbol
GeneticDisease:Kostmann综合征,Kostmann syndrome,,,GeneticDisease
Genesymbol:LIG4,LIG4,,,Genesymbol
GeneticDisease:家族性聚集多发性骨髓瘤,Multiple Myeloma,,,GeneticDisease
Drug:地舒单抗,denosumab,YES,YES,Drug
Drug:优替德隆,utidelone,NO,YES,Drug
Drug:苯丙酸诺龙,nandrolone phenpropionate,YES,YES,Drug
Drug:托瑞米芬,toremifene,YES,YES,Drug
Drug:testolactone,testolactone,YES,NO,Drug
Genesymbol:CEBPA,CEBPA,,,Genesymbol
Genesymbol:RUNX1T1,RUNX1T1,,,Genesymbol
CancerAlias:肛门癌,anal cancer,,,CancerAlias
Genesymbol:PRDM2,PRDM2,,,Genesymbol
Genesymbol:SMARCD1,SMARCD1,,,Genesymbol
Genesymbol:SMARCA4,SMARCA4,,,Genesymbol
Genesymbol:ZBTB16,ZBTB16,,,Genesymbol
Genesymbol:RARA,RARA,,,Genesymbol
Genesymbol:DAXX,DAXX,,,Genesymbol
Genesymbol:TGFBR2,TGFBR2,,,Genesymbol
Genesymbol:TCF7L2,TCF7L2,,,Genesymbol
Genesymbol:NCOR1,NCOR1,,,Genesymbol
Genesymbol:FBXW7,FBXW7,,,Genesymbol
Genesymbol:SMO,SMO,,,Genesymbol
Drug:vismodegib,vismodegib,YES,NO,Drug
Genesymbol:SHH,SHH,,,Genesymbol
Genesymbol:PML,PML,,,Genesymbol
Genesymbol:SPI1,SPI1,,,Genesymbol
Genesymbol:MAX,MAX,,,Genesymbol
Genesymbol:MAPK12,MAPK12,,,Genesymbol
Genesymbol:MDM2,MDM2,,,Genesymbol
Genesymbol:MYC,MYC,,,Genesymbol
Genesymbol:TBXT,TBXT,,,Genesymbol
GeneticDisease:家族聚集性脊索瘤,Chordoma,,,GeneticDisease
GeneticDisease:WHIM综合征,WHIM syndrome,,,GeneticDisease
Genesymbol:CXCR4,CXCR4,,,Genesymbol
GeneticDisease:家族聚集性卡波西肉瘤,Kaposi Sarcoma,,,GeneticDisease
Genesymbol:IL6,IL6,,,Genesymbol
CancerAlias:嗜铬细胞瘤,pheochromocytoma,,,CancerAlias
GeneticDisease:家族性嗜铬细胞瘤（肾上腺）,Pheochromocytoma (Adrenal),,,GeneticDisease
Genesymbol:TMEM127,TMEM127,,,Genesymbol
GeneticDisease:Cowden综合征1型,Cowden syndrome 1,,,GeneticDisease
Cancer:子宫肿瘤,uterus cancer,,,Cancer
CancerAlias:uterus,uterus,,,CancerAlias
GeneticDisease:大疱性表皮松解症,Inherited Epidermolysis Bullosa,,,GeneticDisease
Genesymbol:MMP1,MMP1,,,Genesymbol
Genesymbol:ENPEP,ENPEP,,,Genesymbol
Genesymbol:GTF2I,GTF2I,,,Genesymbol
Cancer:胸腺癌,thymic carcinoma,,,Cancer
CancerCell:POLE-inact-巨细胞肺癌,POLE-inact-巨细胞肺癌,,,CancerCell
CancerCell:KIT-exon17act-软组织肿瘤,KIT-exon17act-软组织肿瘤,,,CancerCell
CancerCell:KIT-exon11act-软组织肿瘤,KIT-exon11act-软组织肿瘤,,,CancerCell
CancerCell:KIT-exon9act-软组织肿瘤,KIT-exon9act-软组织肿瘤,,,CancerCell
Drug:瑞派替尼,ripretinib,YES,YES,Drug
CancerCell:KIT-exon13act-软组织肿瘤,KIT-exon13act-软组织肿瘤,,,CancerCell
CancerCell:KIT-p.N822H-软组织肿瘤,KIT-p.N822H-软组织肿瘤,,,CancerCell
CancerCell:KIT-p.K642E-软组织肿瘤,KIT-p.K642E-软组织肿瘤,,,CancerCell
CancerCell:KIT-p.Y823D-软组织肿瘤,KIT-p.Y823D-软组织肿瘤,,,CancerCell
CancerCell:PDGFRA-exon18act-软组织肿瘤,PDGFRA-exon18act-软组织肿瘤,,,CancerCell
CancerCell:PDGFRA-exon12act-软组织肿瘤,PDGFRA-exon12act-软组织肿瘤,,,CancerCell
Drug:olaratumab,olaratumab,YES,NO,Drug
CancerCell:KIT-p.D816V-骨髓瘤,KIT-p.D816V-骨髓瘤,,,CancerCell
CancerCell:VHL-inact-未分类的肾细胞癌,VHL-inact-未分类的肾细胞癌,,,CancerCell
CancerCell:VHL-p.T133N-未分类的肾细胞癌,VHL-p.T133N-未分类的肾细胞癌,,,CancerCell
CancerCell:FGFR2-.-胆管癌,FGFR2-.-胆管癌,,,CancerCell
Drug:derazantinib,derazantinib,NO,NO,Drug
CancerCell:FGFR2-.-肝门部胆管癌,FGFR2-.-肝门部胆管癌,,,CancerCell
Drug:infigratinib,infigratinib,YES,NO,Drug
CancerCell:FGFR2-.-肝内胆管癌,FGFR2-.-肝内胆管癌,,,CancerCell
CancerCell:FGFR2-.-肝外胆管癌,FGFR2-.-肝外胆管癌,,,CancerCell
CancerCell:FGFR2-Amp-肝门部胆管癌,FGFR2-Amp-肝门部胆管癌,,,CancerCell
CancerCell:FGFR2-Amp-肝内胆管癌,FGFR2-Amp-肝内胆管癌,,,CancerCell
CancerCell:FGFR2-Amp-肝外胆管癌,FGFR2-Amp-肝外胆管癌,,,CancerCell
CancerCell:FGFR2-act-肝门部胆管癌,FGFR2-act-肝门部胆管癌,,,CancerCell
CancerCell:FGFR2-act-肝内胆管癌,FGFR2-act-肝内胆管癌,,,CancerCell
CancerCell:FGFR2-act-肝外胆管癌,FGFR2-act-肝外胆管癌,,,CancerCell
Drug:erdafitinib,erdafitinib,YES,NO,Drug
CancerCell:FGFR2-p.T370_A371delinsC-胆管癌,FGFR2-p.T370_A371delinsC-胆管癌,,,CancerCell
CancerCell:FGFR2-TACC3-胆管癌,FGFR2-TACC3-胆管癌,,,CancerCell
CancerCell:FGFR2-MGEA5-胆管癌,FGFR2-MGEA5-胆管癌,,,CancerCell
CancerCell:FGFR2-p.F276C-肝门部胆管癌,FGFR2-p.F276C-肝门部胆管癌,,,CancerCell
CancerCell:FGFR2-p.F276C-肝内胆管癌,FGFR2-p.F276C-肝内胆管癌,,,CancerCell
CancerCell:FGFR2-p.F276C-肝外胆管癌,FGFR2-p.F276C-肝外胆管癌,,,CancerCell
Drug:futibatinib,futibatinib,YES,NO,Drug
CancerCell:PIK3CA-p.E542K-卵巢浆-黏液性癌,PIK3CA-p.E542K-卵巢浆-黏液性癌,,,CancerCell
CancerCell:PTEN-Loss;PIK3CA-Amp-卵巢浆-黏液性癌,PTEN-Loss;PIK3CA-Amp-卵巢浆-黏液性癌,,,CancerCell
CancerCell:AKT1-act-子宫去分化癌,AKT1-act-子宫去分化癌,,,CancerCell
CancerCell:AKT1-p.E17K-子宫去分化癌,AKT1-p.E17K-子宫去分化癌,,,CancerCell
CancerCell:KRAS-p.G12C-结直肠腺癌,KRAS-p.G12C-结直肠腺癌,,,CancerCell
CancerCell:KRAS-act-结直肠腺癌,KRAS-act-结直肠腺癌,,,CancerCell
CancerCell:NRAS-wildtype;KRAS-wildtype;BRAF-wildtype-结直肠腺癌,NRAS-wildtype;KRAS-wildtype;BRAF-wildtype-结直肠腺癌,,,CancerCell
Drug:西妥昔单抗,cetuximab,YES,YES,Drug
CancerCell:KRAS-wildtype-结直肠腺癌,KRAS-wildtype-结直肠腺癌,,,CancerCell
Drug:D-1553,D-1553,NO,NO,Drug
Drug:IBI351,IBI351,NO,NO,Drug
Genesymbol:SMAD2,SMAD2,,,Genesymbol
Genesymbol:NIN,NIN,,,Genesymbol
Cancer:鼻咽癌,nasopharyngeal carcinoma,,,Cancer
Genesymbol:ARID1A,ARID1A,,,Genesymbol
Genesymbol:POLD1,POLD1,,,Genesymbol
GeneticDisease:汗孔角化症,Porokeratosis,,,GeneticDisease
GeneticDisease:家族性副神经节瘤,Familial Paragangliomas,,,GeneticDisease
Cancer:副神经节瘤,paraganglioma,,,Cancer
Drug:卡替洛尔,carteolol,YES,YES,Drug
Genesymbol:ADRB1,ADRB1,,,Genesymbol
Drug:普萘诺尔,propranolol,YES,YES,Drug
ClinicalTrial:CTR20190450,CTR20190450,,,ClinicalTrial
CancerAlias:肝胆肿瘤,hepatobiliary tumor,,,CancerAlias
GeneticDisease:海豹肢畸形,SC Phocomelia syndrome,,,GeneticDisease
Drug:ezatiostat,ezatiostat,NO,NO,Drug
Drug:度伐利尤单抗,durvalumab,YES,YES,Drug
Drug:enocitabine,enocitabine,NO,NO,Drug
Drug:gandotinib,gandotinib,NO,NO,Drug
Drug:芬太尼,fentanyl,YES,YES,Drug
CancerAlias:肠道壶腹部癌,ampullary cancer,,,CancerAlias
Drug:多西他赛,docetaxel,YES,YES,Drug
Drug:氟维司群,fulvestrant,YES,YES,Drug
GeneticDisease:肌肝脑眼侏儒,Mulibrey Nanism,,,GeneticDisease
Drug:AZD3463,AZD3463,NO,NO,Drug
ClinicalTrial:NCT03280160,NCT03280160,,,ClinicalTrial
ClinicalTrial:NCT04549064,NCT04549064,,,ClinicalTrial
ClinicalTrial:NCT01921751,NCT01921751,,,ClinicalTrial
ClinicalTrial:NCT00514969,NCT00514969,,,ClinicalTrial
ClinicalTrial:NCT04015622,NCT04015622,,,ClinicalTrial
SnvFull:EGFR-p.D807V,EGFR-p.D807V,,,SnvFull
SnvFull:EGFR-p.A24S,EGFR-p.A24S,,,SnvFull
SnvFull:EGFR-p.C240F,EGFR-p.C240F,,,SnvFull
SnvFull:EGFR-p.Q1021K,EGFR-p.Q1021K,,,SnvFull
SnvFull:EGFR-p.A750E,EGFR-p.A750E,,,SnvFull
SnvFull:EGFR-p.R681K,EGFR-p.R681K,,,SnvFull
SnvFull:EGFR-p.V60A,EGFR-p.V60A,,,SnvFull
SnvFull:EGFR-p.G201C,EGFR-p.G201C,,,SnvFull
SnvFull:EGFR-p.T382S,EGFR-p.T382S,,,SnvFull
SnvFull:EGFR-p.V1011G,EGFR-p.V1011G,,,SnvFull
SnvFull:CSF1R-p.N788I,CSF1R-p.N788I,,,SnvFull
SnvFull:CSF1R-p.V116F,CSF1R-p.V116F,,,SnvFull
SnvFull:CSF1R-p.A503T,CSF1R-p.A503T,,,SnvFull
SnvFull:CSF1R-p.G182R,CSF1R-p.G182R,,,SnvFull
SnvFull:CSF1R-p.S55T,CSF1R-p.S55T,,,SnvFull
SnvFull:CSF1R-p.S190G,CSF1R-p.S190G,,,SnvFull
SnvFull:CSF1R-p.E554K,CSF1R-p.E554K,,,SnvFull
SnvFull:CSF1R-p.P147L,CSF1R-p.P147L,,,SnvFull
SnvFull:CSF1R-p.D802E,CSF1R-p.D802E,,,SnvFull
SnvFull:CSF1R-p.M804I,CSF1R-p.M804I,,,SnvFull
